학교,날짜,학년,반,교시,과목
일광중학교,20231028,1,1,1,토요휴업일
일광중학교,20231028,1,1,2,토요휴업일
일광중학교,20231028,1,1,3,토요휴업일
일광중학교,20231028,1,1,4,토요휴업일
일광중학교,20231028,1,2,1,토요휴업일
일광중학교,20231028,1,2,2,토요휴업일
일광중학교,20231028,1,2,3,토요휴업일
일광중학교,20231028,1,2,4,토요휴업일
일광중학교,20231028,1,3,1,토요휴업일
일광중학교,20231028,1,3,2,토요휴업일
일광중학교,20231028,1,3,3,토요휴업일
일광중학교,20231028,1,3,4,토요휴업일
일광중학교,20231028,1,4,1,토요휴업일
일광중학교,20231028,1,4,2,토요휴업일
일광중학교,20231028,1,4,3,토요휴업일
일광중학교,20231028,1,4,4,토요휴업일
일광중학교,20231028,1,5,1,토요휴업일
일광중학교,20231028,1,5,2,토요휴업일
일광중학교,20231028,1,5,3,토요휴업일
일광중학교,20231028,1,5,4,토요휴업일
일광중학교,20231028,1,6,1,토요휴업일
일광중학교,20231028,1,6,2,토요휴업일
일광중학교,20231028,1,6,3,토요휴업일
일광중학교,20231028,1,6,4,토요휴업일
일광중학교,20231028,1,7,1,토요휴업일
일광중학교,20231028,1,7,2,토요휴업일
일광중학교,20231028,1,7,3,토요휴업일
일광중학교,20231028,1,7,4,토요휴업일
일광중학교,20231028,1,8,1,토요휴업일
일광중학교,20231028,1,8,2,토요휴업일
일광중학교,20231028,1,8,3,토요휴업일
일광중학교,20231028,1,8,4,토요휴업일
일광중학교,20231028,1,9,1,토요휴업일
일광중학교,20231028,1,9,2,토요휴업일
일광중학교,20231028,1,9,3,토요휴업일
일광중학교,20231028,1,9,4,토요휴업일
일광중학교,20231028,2,1,1,토요휴업일
일광중학교,20231028,2,1,2,토요휴업일
일광중학교,20231028,2,1,3,토요휴업일
일광중학교,20231028,2,1,4,토요휴업일
일광중학교,20231028,2,2,1,토요휴업일
일광중학교,20231028,2,2,2,토요휴업일
일광중학교,20231028,2,2,3,토요휴업일
일광중학교,20231028,2,2,4,토요휴업일
일광중학교,20231028,2,3,1,토요휴업일
일광중학교,20231028,2,3,2,토요휴업일
일광중학교,20231028,2,3,3,토요휴업일
일광중학교,20231028,2,3,4,토요휴업일
일광중학교,20231028,2,4,1,토요휴업일
일광중학교,20231028,2,4,2,토요휴업일
일광중학교,20231028,2,4,3,토요휴업일
일광중학교,20231028,2,4,4,토요휴업일
일광중학교,20231028,2,5,1,토요휴업일
일광중학교,20231028,2,5,2,토요휴업일
일광중학교,20231028,2,5,3,토요휴업일
일광중학교,20231028,2,5,4,토요휴업일
일광중학교,20231028,2,6,1,토요휴업일
일광중학교,20231028,2,6,2,토요휴업일
일광중학교,20231028,2,6,3,토요휴업일
일광중학교,20231028,2,6,4,토요휴업일
일광중학교,20231028,2,7,1,토요휴업일
일광중학교,20231028,2,7,2,토요휴업일
일광중학교,20231028,2,7,3,토요휴업일
일광중학교,20231028,2,7,4,토요휴업일
일광중학교,20231028,2,8,1,토요휴업일
일광중학교,20231028,2,8,2,토요휴업일
일광중학교,20231028,2,8,3,토요휴업일
일광중학교,20231028,2,8,4,토요휴업일
일광중학교,20231028,3,1,1,토요휴업일
일광중학교,20231028,3,1,2,토요휴업일
일광중학교,20231028,3,1,3,토요휴업일
일광중학교,20231028,3,1,4,토요휴업일
일광중학교,20231028,3,2,1,토요휴업일
일광중학교,20231028,3,2,2,토요휴업일
일광중학교,20231028,3,2,3,토요휴업일
일광중학교,20231028,3,2,4,토요휴업일
일광중학교,20231028,3,3,1,토요휴업일
일광중학교,20231028,3,3,2,토요휴업일
일광중학교,20231028,3,3,3,토요휴업일
일광중학교,20231028,3,3,4,토요휴업일
일광중학교,20231028,3,4,1,토요휴업일
일광중학교,20231028,3,4,2,토요휴업일
일광중학교,20231028,3,4,3,토요휴업일
일광중학교,20231028,3,4,4,토요휴업일
일광중학교,20231028,3,6,1,토요휴업일
일광중학교,20231028,3,6,2,토요휴업일
일광중학교,20231028,3,6,3,토요휴업일
일광중학교,20231028,3,6,4,토요휴업일
일광중학교,20231028,3,7,1,토요휴업일
일광중학교,20231028,3,7,2,토요휴업일
일광중학교,20231028,3,7,3,토요휴업일
일광중학교,20231028,3,7,4,토요휴업일
일광중학교,20231028,3,8,1,토요휴업일
일광중학교,20231028,3,8,2,토요휴업일
일광중학교,20231028,3,8,3,토요휴업일
일광중학교,20231028,3,8,4,토요휴업일
일광중학교,20231028,3,9,1,토요휴업일
일광중학교,20231028,3,9,2,토요휴업일
일광중학교,20231028,3,9,3,토요휴업일
일광중학교,20231028,3,9,4,토요휴업일
일광중학교,20231030,1,1,1,체육
일광중학교,20231030,1,1,2,국어
일광중학교,20231030,1,1,3,수학
일광중학교,20231030,1,1,4,영어
일광중학교,20231030,1,1,5,(자)주제선택활동
일광중학교,20231030,1,1,6,(자)주제선택활동
일광중학교,20231030,1,2,1,국어
일광중학교,20231030,1,2,2,미술
일광중학교,20231030,1,2,3,영어
일광중학교,20231030,1,2,4,과학
일광중학교,20231030,1,2,5,(자)주제선택활동
일광중학교,20231030,1,2,6,(자)주제선택활동
일광중학교,20231030,1,3,1,도덕
일광중학교,20231030,1,3,2,체육
일광중학교,20231030,1,3,3,사회
일광중학교,20231030,1,3,4,국어
일광중학교,20231030,1,3,5,(자)주제선택활동
일광중학교,20231030,1,3,6,(자)주제선택활동
일광중학교,20231030,1,4,1,사회
일광중학교,20231030,1,4,2,수학
일광중학교,20231030,1,4,3,과학
일광중학교,20231030,1,4,4,도덕
일광중학교,20231030,1,4,5,(자)주제선택활동
일광중학교,20231030,1,4,6,(자)주제선택활동
일광중학교,20231030,1,5,1,음악
일광중학교,20231030,1,5,2,도덕
일광중학교,20231030,1,5,3,사회
일광중학교,20231030,1,5,4,국어
일광중학교,20231030,1,5,5,(자)주제선택활동
일광중학교,20231030,1,5,6,(자)주제선택활동
일광중학교,20231030,1,6,1,국어
일광중학교,20231030,1,6,2,한문
일광중학교,20231030,1,6,3,기술·가정
일광중학교,20231030,1,6,4,사회
일광중학교,20231030,1,6,5,(자)주제선택활동
일광중학교,20231030,1,6,6,(자)주제선택활동
일광중학교,20231030,1,7,1,영어
일광중학교,20231030,1,7,2,수학
일광중학교,20231030,1,7,3,국어
일광중학교,20231030,1,7,4,음악
일광중학교,20231030,1,7,5,(자)주제선택활동
일광중학교,20231030,1,7,6,(자)주제선택활동
일광중학교,20231030,1,8,1,기술·가정
일광중학교,20231030,1,8,2,사회
일광중학교,20231030,1,8,3,음악
일광중학교,20231030,1,8,4,체육
일광중학교,20231030,1,8,5,(자)주제선택활동
일광중학교,20231030,1,8,6,(자)주제선택활동
일광중학교,20231030,1,9,1,수학
일광중학교,20231030,1,9,2,과학
일광중학교,20231030,1,9,3,체육
일광중학교,20231030,1,9,4,기술·가정
일광중학교,20231030,1,9,5,(자)주제선택활동
일광중학교,20231030,1,9,6,(자)주제선택활동
일광중학교,20231030,2,1,1,기술·가정
일광중학교,20231030,2,1,2,수학
일광중학교,20231030,2,1,3,체육
일광중학교,20231030,2,1,4,역사
일광중학교,20231030,2,1,5,체육
일광중학교,20231030,2,1,6,국어
일광중학교,20231030,2,2,1,영어
일광중학교,20231030,2,2,2,국어
일광중학교,20231030,2,2,3,음악
일광중학교,20231030,2,2,4,체육
일광중학교,20231030,2,2,5,수학
일광중학교,20231030,2,2,6,국어
일광중학교,20231030,2,3,1,수학
일광중학교,20231030,2,3,2,음악
일광중학교,20231030,2,3,3,영어
일광중학교,20231030,2,3,4,국어
일광중학교,20231030,2,3,5,미술
일광중학교,20231030,2,3,6,체육
일광중학교,20231030,2,4,1,과학
일광중학교,20231030,2,4,2,체육
일광중학교,20231030,2,4,3,영어
일광중학교,20231030,2,4,4,수학
일광중학교,20231030,2,4,5,국어
일광중학교,20231030,2,4,6,음악
일광중학교,20231030,2,5,1,역사
일광중학교,20231030,2,5,2,과학
일광중학교,20231030,2,5,3,도덕
일광중학교,20231030,2,5,4,음악
일광중학교,20231030,2,5,5,수학
일광중학교,20231030,2,5,6,미술
일광중학교,20231030,2,6,1,국어
일광중학교,20231030,2,6,2,수학
일광중학교,20231030,2,6,3,역사
일광중학교,20231030,2,6,4,영어
일광중학교,20231030,2,6,5,과학
일광중학교,20231030,2,6,6,기술·가정
일광중학교,20231030,2,7,1,과학
일광중학교,20231030,2,7,2,국어
일광중학교,20231030,2,7,3,미술
일광중학교,20231030,2,7,4,도덕
일광중학교,20231030,2,7,5,기술·가정
일광중학교,20231030,2,7,6,수학
일광중학교,20231030,2,8,1,체육
일광중학교,20231030,2,8,2,영어
일광중학교,20231030,2,8,3,수학
일광중학교,20231030,2,8,4,과학
일광중학교,20231030,2,8,5,국어
일광중학교,20231030,2,8,6,역사
일광중학교,20231030,3,1,1,정보
일광중학교,20231030,3,1,2,과학
일광중학교,20231030,3,1,3,과제 탐구
일광중학교,20231030,3,1,3,디지털 리터러시
일광중학교,20231030,3,1,3,부산의 재발견
일광중학교,20231030,3,1,3,부산의 환경과 미래
일광중학교,20231030,3,1,3,진로와 직업
일광중학교,20231030,3,1,4,영어
일광중학교,20231030,3,1,5,국어
일광중학교,20231030,3,1,6,과학
일광중학교,20231030,3,2,1,기술·가정
일광중학교,20231030,3,2,2,정보
일광중학교,20231030,3,2,3,과제 탐구
일광중학교,20231030,3,2,3,디지털 리터러시
일광중학교,20231030,3,2,3,부산의 재발견
일광중학교,20231030,3,2,3,부산의 환경과 미래
일광중학교,20231030,3,2,3,진로와 직업
일광중학교,20231030,3,2,4,과학
일광중학교,20231030,3,2,5,국어
일광중학교,20231030,3,2,6,체육
일광중학교,20231030,3,3,1,수학
일광중학교,20231030,3,3,2,영어
일광중학교,20231030,3,3,3,과제 탐구
일광중학교,20231030,3,3,3,디지털 리터러시
일광중학교,20231030,3,3,3,부산의 재발견
일광중학교,20231030,3,3,3,부산의 환경과 미래
일광중학교,20231030,3,3,3,진로와 직업
일광중학교,20231030,3,3,4,기술·가정
일광중학교,20231030,3,3,5,과학
일광중학교,20231030,3,3,6,체육
일광중학교,20231030,3,4,1,국어
일광중학교,20231030,3,4,2,기술·가정
일광중학교,20231030,3,4,3,과제 탐구
일광중학교,20231030,3,4,3,디지털 리터러시
일광중학교,20231030,3,4,3,부산의 재발견
일광중학교,20231030,3,4,3,부산의 환경과 미래
일광중학교,20231030,3,4,3,진로와 직업
일광중학교,20231030,3,4,4,영어
일광중학교,20231030,3,4,5,미술
일광중학교,20231030,3,4,6,미술
일광중학교,20231030,3,5,1,영어
일광중학교,20231030,3,5,2,역사
일광중학교,20231030,3,5,3,과제 탐구
일광중학교,20231030,3,5,3,디지털 리터러시
일광중학교,20231030,3,5,3,부산의 재발견
일광중학교,20231030,3,5,3,부산의 환경과 미래
일광중학교,20231030,3,5,3,진로와 직업
일광중학교,20231030,3,5,4,국어
일광중학교,20231030,3,5,5,수학
일광중학교,20231030,3,5,6,국어
일광중학교,20231030,3,6,1,영어
일광중학교,20231030,3,6,2,국어
일광중학교,20231030,3,6,3,체육
일광중학교,20231030,3,6,4,과제 탐구
일광중학교,20231030,3,6,4,디지털 리터러시
일광중학교,20231030,3,6,4,부산의 재발견
일광중학교,20231030,3,6,4,부산의 환경과 미래
일광중학교,20231030,3,6,4,진로와 직업
일광중학교,20231030,3,6,5,과학
일광중학교,20231030,3,6,6,수학
일광중학교,20231030,3,7,1,체육
일광중학교,20231030,3,7,2,체육
일광중학교,20231030,3,7,3,국어
일광중학교,20231030,3,7,4,과제 탐구
일광중학교,20231030,3,7,4,디지털 리터러시
일광중학교,20231030,3,7,4,부산의 재발견
일광중학교,20231030,3,7,4,부산의 환경과 미래
일광중학교,20231030,3,7,4,진로와 직업
일광중학교,20231030,3,7,5,역사
일광중학교,20231030,3,7,6,과학
일광중학교,20231030,3,8,1,역사
일광중학교,20231030,3,8,2,영어
일광중학교,20231030,3,8,3,수학
일광중학교,20231030,3,8,4,과제 탐구
일광중학교,20231030,3,8,4,디지털 리터러시
일광중학교,20231030,3,8,4,부산의 재발견
일광중학교,20231030,3,8,4,부산의 환경과 미래
일광중학교,20231030,3,8,4,진로와 직업
일광중학교,20231030,3,8,5,체육
일광중학교,20231030,3,8,6,정보
일광중학교,20231030,3,9,1,체육
일광중학교,20231030,3,9,2,미술
일광중학교,20231030,3,9,3,미술
일광중학교,20231030,3,9,4,과제 탐구
일광중학교,20231030,3,9,4,디지털 리터러시
일광중학교,20231030,3,9,4,부산의 재발견
일광중학교,20231030,3,9,4,부산의 환경과 미래
일광중학교,20231030,3,9,4,진로와 직업
일광중학교,20231030,3,9,5,체육
일광중학교,20231030,3,9,6,영어
일광중학교,20231031,1,1,1,국어
일광중학교,20231031,1,1,2,미술
일광중학교,20231031,1,1,3,수학
일광중학교,20231031,1,1,4,기술·가정
일광중학교,20231031,1,1,5,(자)예술·체육활동
일광중학교,20231031,1,1,6,사회
일광중학교,20231031,1,2,1,도덕
일광중학교,20231031,1,2,2,사회
일광중학교,20231031,1,2,3,기술·가정
일광중학교,20231031,1,2,4,영어
일광중학교,20231031,1,2,5,(자)예술·체육활동
일광중학교,20231031,1,2,6,국어
일광중학교,20231031,1,3,1,과학
일광중학교,20231031,1,3,2,수학
일광중학교,20231031,1,3,3,사회
일광중학교,20231031,1,3,4,국어
일광중학교,20231031,1,3,5,(자)예술·체육활동
일광중학교,20231031,1,3,6,기술·가정
일광중학교,20231031,1,4,1,기술·가정
일광중학교,20231031,1,4,2,체육
일광중학교,20231031,1,4,3,영어
일광중학교,20231031,1,4,4,수학
일광중학교,20231031,1,4,5,(자)예술·체육활동
일광중학교,20231031,1,4,6,국어
일광중학교,20231031,1,5,1,수학
일광중학교,20231031,1,5,2,국어
일광중학교,20231031,1,5,3,미술
일광중학교,20231031,1,5,4,과학
일광중학교,20231031,1,5,5,(자)예술·체육활동
일광중학교,20231031,1,5,6,체육
일광중학교,20231031,1,6,1,체육
일광중학교,20231031,1,6,2,음악
일광중학교,20231031,1,6,3,수학
일광중학교,20231031,1,6,4,사회
일광중학교,20231031,1,6,5,영어
일광중학교,20231031,1,6,6,(자)예술·체육활동
일광중학교,20231031,1,7,1,(자)진로탐색활동
일광중학교,20231031,1,7,2,사회
일광중학교,20231031,1,7,3,국어
일광중학교,20231031,1,7,4,도덕
일광중학교,20231031,1,7,5,체육
일광중학교,20231031,1,7,6,(자)예술·체육활동
일광중학교,20231031,1,8,1,사회
일광중학교,20231031,1,8,2,도덕
일광중학교,20231031,1,8,3,과학
일광중학교,20231031,1,8,4,수학
일광중학교,20231031,1,8,5,음악
일광중학교,20231031,1,8,6,(자)예술·체육활동
일광중학교,20231031,1,9,1,영어
일광중학교,20231031,1,9,2,국어
일광중학교,20231031,1,9,3,음악
일광중학교,20231031,1,9,4,(자)진로탐색활동
일광중학교,20231031,1,9,5,국어
일광중학교,20231031,1,9,6,(자)예술·체육활동
일광중학교,20231031,2,1,1,도덕
일광중학교,20231031,2,1,2,역사
일광중학교,20231031,2,1,3,동아리활동
일광중학교,20231031,2,1,4,생활 중국어
일광중학교,20231031,2,1,4,한문
일광중학교,20231031,2,1,5,수학
일광중학교,20231031,2,1,6,영어
일광중학교,20231031,2,1,7,과학
일광중학교,20231031,2,2,1,과학
일광중학교,20231031,2,2,2,수학
일광중학교,20231031,2,2,3,동아리활동
일광중학교,20231031,2,2,4,생활 중국어
일광중학교,20231031,2,2,4,한문
일광중학교,20231031,2,2,5,미술
일광중학교,20231031,2,2,6,체육
일광중학교,20231031,2,2,7,역사
일광중학교,20231031,2,3,1,영어
일광중학교,20231031,2,3,2,체육
일광중학교,20231031,2,3,3,동아리활동
일광중학교,20231031,2,3,4,국어
일광중학교,20231031,2,3,5,과학
일광중학교,20231031,2,3,6,수학
일광중학교,20231031,2,3,7,기술·가정
일광중학교,20231031,2,4,1,국어
일광중학교,20231031,2,4,2,기술·가정
일광중학교,20231031,2,4,3,동아리활동
일광중학교,20231031,2,4,4,수학
일광중학교,20231031,2,4,5,체육
일광중학교,20231031,2,4,6,과학
일광중학교,20231031,2,4,7,미술
일광중학교,20231031,2,5,1,국어
일광중학교,20231031,2,5,2,생활 중국어
일광중학교,20231031,2,5,2,한문
일광중학교,20231031,2,5,3,체육
일광중학교,20231031,2,5,4,동아리활동
일광중학교,20231031,2,5,5,기술·가정
일광중학교,20231031,2,5,6,영어
일광중학교,20231031,2,5,7,국어
일광중학교,20231031,2,6,1,기술·가정
일광중학교,20231031,2,6,2,생활 중국어
일광중학교,20231031,2,6,2,한문
일광중학교,20231031,2,6,3,영어
일광중학교,20231031,2,6,4,동아리활동
일광중학교,20231031,2,6,5,과학
일광중학교,20231031,2,6,6,수학
일광중학교,20231031,2,6,7,도덕
일광중학교,20231031,2,7,1,역사
일광중학교,20231031,2,7,2,영어
일광중학교,20231031,2,7,3,과학
일광중학교,20231031,2,7,4,동아리활동
일광중학교,20231031,2,7,5,수학
일광중학교,20231031,2,7,6,도덕
일광중학교,20231031,2,7,7,영어
일광중학교,20231031,2,8,1,체육
일광중학교,20231031,2,8,2,수학
일광중학교,20231031,2,8,3,과학
일광중학교,20231031,2,8,4,동아리활동
일광중학교,20231031,2,8,5,영어
일광중학교,20231031,2,8,6,역사
일광중학교,20231031,2,8,7,국어
일광중학교,20231031,3,1,1,체육
일광중학교,20231031,3,1,2,과학
일광중학교,20231031,3,1,3,역사
일광중학교,20231031,3,1,4,기술·가정
일광중학교,20231031,3,1,5,수학
일광중학교,20231031,3,1,6,음악
일광중학교,20231031,3,1,7,국어
일광중학교,20231031,3,2,1,음악
일광중학교,20231031,3,2,2,영어
일광중학교,20231031,3,2,3,국어
일광중학교,20231031,3,2,4,과학
일광중학교,20231031,3,2,5,영어
일광중학교,20231031,3,2,6,역사
일광중학교,20231031,3,2,7,수학
일광중학교,20231031,3,3,1,사회
일광중학교,20231031,3,3,2,기술·가정
일광중학교,20231031,3,3,3,음악
일광중학교,20231031,3,3,4,국어
일광중학교,20231031,3,3,5,영어
일광중학교,20231031,3,3,6,과학
일광중학교,20231031,3,3,7,체육
일광중학교,20231031,3,4,1,정보
일광중학교,20231031,3,4,2,체육
일광중학교,20231031,3,4,3,영어
일광중학교,20231031,3,4,4,수학
일광중학교,20231031,3,4,5,음악
일광중학교,20231031,3,4,6,사회
일광중학교,20231031,3,4,7,영어
일광중학교,20231031,3,5,1,기술·가정
일광중학교,20231031,3,5,2,미술
일광중학교,20231031,3,5,3,미술
일광중학교,20231031,3,5,4,영어
일광중학교,20231031,3,5,5,과학
일광중학교,20231031,3,5,6,국어
일광중학교,20231031,3,5,7,수학
일광중학교,20231031,3,6,1,과학
일광중학교,20231031,3,6,2,체육
일광중학교,20231031,3,6,3,수학
일광중학교,20231031,3,6,4,역사
일광중학교,20231031,3,6,5,국어
일광중학교,20231031,3,6,6,기술·가정
일광중학교,20231031,3,6,7,사회
일광중학교,20231031,3,7,1,영어
일광중학교,20231031,3,7,2,국어
일광중학교,20231031,3,7,3,과학
일광중학교,20231031,3,7,4,사회
일광중학교,20231031,3,7,5,기술·가정
일광중학교,20231031,3,7,6,수학
일광중학교,20231031,3,7,7,정보
일광중학교,20231031,3,8,1,체육
일광중학교,20231031,3,8,2,사회
일광중학교,20231031,3,8,3,과학
일광중학교,20231031,3,8,4,정보
일광중학교,20231031,3,8,5,국어
일광중학교,20231031,3,8,6,영어
일광중학교,20231031,3,8,7,음악
일광중학교,20231031,3,9,1,수학
일광중학교,20231031,3,9,2,영어
일광중학교,20231031,3,9,3,정보
일광중학교,20231031,3,9,4,국어
일광중학교,20231031,3,9,5,사회
일광중학교,20231031,3,9,6,과학
일광중학교,20231031,3,9,7,역사
일광중학교,20231101,1,1,1,음악
일광중학교,20231101,1,1,2,사회
일광중학교,20231101,1,1,3,(자)예술·체육활동
일광중학교,20231101,1,1,4,(자)예술·체육활동
일광중학교,20231101,1,1,5,도덕
일광중학교,20231101,1,1,6,과학
일광중학교,20231101,1,2,1,사회
일광중학교,20231101,1,2,2,음악
일광중학교,20231101,1,2,3,(자)예술·체육활동
일광중학교,20231101,1,2,4,(자)예술·체육활동
일광중학교,20231101,1,2,5,과학
일광중학교,20231101,1,2,6,수학
일광중학교,20231101,1,3,1,국어
일광중학교,20231101,1,3,2,도덕
일광중학교,20231101,1,3,3,(자)예술·체육활동
일광중학교,20231101,1,3,4,(자)예술·체육활동
일광중학교,20231101,1,3,5,수학
일광중학교,20231101,1,3,6,음악
일광중학교,20231101,1,4,1,국어
일광중학교,20231101,1,4,2,기술·가정
일광중학교,20231101,1,4,3,(자)예술·체육활동
일광중학교,20231101,1,4,4,(자)예술·체육활동
일광중학교,20231101,1,4,5,음악
일광중학교,20231101,1,4,6,도덕
일광중학교,20231101,1,5,1,영어
일광중학교,20231101,1,5,2,수학
일광중학교,20231101,1,5,3,(자)예술·체육활동
일광중학교,20231101,1,5,4,(자)예술·체육활동
일광중학교,20231101,1,5,5,사회
일광중학교,20231101,1,5,6,기술·가정
일광중학교,20231101,1,6,1,과학
일광중학교,20231101,1,6,2,국어
일광중학교,20231101,1,6,3,도덕
일광중학교,20231101,1,6,4,영어
일광중학교,20231101,1,6,5,(자)예술·체육활동
일광중학교,20231101,1,6,6,(자)예술·체육활동
일광중학교,20231101,1,7,1,사회
일광중학교,20231101,1,7,2,과학
일광중학교,20231101,1,7,3,국어
일광중학교,20231101,1,7,4,미술
일광중학교,20231101,1,7,5,(자)예술·체육활동
일광중학교,20231101,1,7,6,(자)예술·체육활동
일광중학교,20231101,1,8,1,(자)진로탐색활동
일광중학교,20231101,1,8,2,영어
일광중학교,20231101,1,8,3,수학
일광중학교,20231101,1,8,4,국어
일광중학교,20231101,1,8,5,(자)예술·체육활동
일광중학교,20231101,1,8,6,(자)예술·체육활동
일광중학교,20231101,1,9,1,수학
일광중학교,20231101,1,9,2,사회
일광중학교,20231101,1,9,3,기술·가정
일광중학교,20231101,1,9,4,국어
일광중학교,20231101,1,9,5,(자)예술·체육활동
일광중학교,20231101,1,9,6,(자)예술·체육활동
일광중학교,20231101,2,1,1,미술
일광중학교,20231101,2,1,2,수학
일광중학교,20231101,2,1,3,과학
일광중학교,20231101,2,1,4,생활 중국어
일광중학교,20231101,2,1,4,한문
일광중학교,20231101,2,1,5,국어
일광중학교,20231101,2,1,6,기술·가정
일광중학교,20231101,2,2,1,국어
일광중학교,20231101,2,2,2,도덕
일광중학교,20231101,2,2,3,수학
일광중학교,20231101,2,2,4,생활 중국어
일광중학교,20231101,2,2,4,한문
일광중학교,20231101,2,2,5,기술·가정
일광중학교,20231101,2,2,6,과학
일광중학교,20231101,2,3,1,과학
일광중학교,20231101,2,3,2,영어
일광중학교,20231101,2,3,3,역사
일광중학교,20231101,2,3,4,국어
일광중학교,20231101,2,3,5,생활 중국어
일광중학교,20231101,2,3,5,한문
일광중학교,20231101,2,3,6,수학
일광중학교,20231101,2,4,1,도덕
일광중학교,20231101,2,4,2,체육
일광중학교,20231101,2,4,3,국어
일광중학교,20231101,2,4,4,과학
일광중학교,20231101,2,4,5,생활 중국어
일광중학교,20231101,2,4,5,한문
일광중학교,20231101,2,4,6,역사
일광중학교,20231101,2,5,1,영어
일광중학교,20231101,2,5,2,과학
일광중학교,20231101,2,5,3,생활 중국어
일광중학교,20231101,2,5,3,한문
일광중학교,20231101,2,5,4,국어
일광중학교,20231101,2,5,5,체육
일광중학교,20231101,2,5,6,수학
일광중학교,20231101,2,6,1,과학
일광중학교,20231101,2,6,2,역사
일광중학교,20231101,2,6,3,생활 중국어
일광중학교,20231101,2,6,3,한문
일광중학교,20231101,2,6,4,영어
일광중학교,20231101,2,6,5,수학
일광중학교,20231101,2,6,6,체육
일광중학교,20231101,2,7,1,수학
일광중학교,20231101,2,7,2,영어
일광중학교,20231101,2,7,3,기술·가정
일광중학교,20231101,2,7,4,체육
일광중학교,20231101,2,7,5,국어
일광중학교,20231101,2,7,6,생활 중국어
일광중학교,20231101,2,7,6,한문
일광중학교,20231101,2,8,1,음악
일광중학교,20231101,2,8,2,국어
일광중학교,20231101,2,8,3,미술
일광중학교,20231101,2,8,4,도덕
일광중학교,20231101,2,8,5,영어
일광중학교,20231101,2,8,6,생활 중국어
일광중학교,20231101,2,8,6,한문
일광중학교,20231101,3,1,1,수학
일광중학교,20231101,3,1,2,동아리활동
일광중학교,20231101,3,1,3,정보
일광중학교,20231101,3,1,4,영어
일광중학교,20231101,3,1,5,미술
일광중학교,20231101,3,1,6,미술
일광중학교,20231101,3,2,1,사회
일광중학교,20231101,3,2,2,동아리활동
일광중학교,20231101,3,2,3,영어
일광중학교,20231101,3,2,4,정보
일광중학교,20231101,3,2,5,과학
일광중학교,20231101,3,2,6,역사
일광중학교,20231101,3,3,1,영어
일광중학교,20231101,3,3,2,동아리활동
일광중학교,20231101,3,3,3,국어
일광중학교,20231101,3,3,4,사회
일광중학교,20231101,3,3,5,역사
일광중학교,20231101,3,3,6,수학
일광중학교,20231101,3,4,1,과학
일광중학교,20231101,3,4,2,동아리활동
일광중학교,20231101,3,4,3,국어
일광중학교,20231101,3,4,4,역사
일광중학교,20231101,3,4,5,기술·가정
일광중학교,20231101,3,4,6,과학
일광중학교,20231101,3,5,1,역사
일광중학교,20231101,3,5,2,동아리활동
일광중학교,20231101,3,5,3,음악
일광중학교,20231101,3,5,4,과학
일광중학교,20231101,3,5,5,정보
일광중학교,20231101,3,5,6,국어
일광중학교,20231101,3,6,1,동아리활동
일광중학교,20231101,3,6,2,미술
일광중학교,20231101,3,6,3,미술
일광중학교,20231101,3,6,4,사회
일광중학교,20231101,3,6,5,영어
일광중학교,20231101,3,6,6,과학
일광중학교,20231101,3,7,1,동아리활동
일광중학교,20231101,3,7,2,과학
일광중학교,20231101,3,7,3,영어
일광중학교,20231101,3,7,4,국어
일광중학교,20231101,3,7,5,수학
일광중학교,20231101,3,7,6,음악
일광중학교,20231101,3,8,1,동아리활동
일광중학교,20231101,3,8,2,기술·가정
일광중학교,20231101,3,8,3,과학
일광중학교,20231101,3,8,4,수학
일광중학교,20231101,3,8,5,국어
일광중학교,20231101,3,8,6,영어
일광중학교,20231101,3,9,1,동아리활동
일광중학교,20231101,3,9,2,수학
일광중학교,20231101,3,9,3,과학
일광중학교,20231101,3,9,4,기술·가정
일광중학교,20231101,3,9,5,음악
일광중학교,20231101,3,9,6,국어
일광중학교,20231102,1,1,1,국어
일광중학교,20231102,1,1,2,사회
일광중학교,20231102,1,1,3,수학
일광중학교,20231102,1,1,4,음악
일광중학교,20231102,1,1,5,체육
일광중학교,20231102,1,1,6,기술·가정
일광중학교,20231102,1,2,1,국어
일광중학교,20231102,1,2,2,(자)진로탐색활동
일광중학교,20231102,1,2,3,생활 중국어
일광중학교,20231102,1,2,4,체육
일광중학교,20231102,1,2,5,기술·가정
일광중학교,20231102,1,2,6,수학
일광중학교,20231102,1,3,1,과학
일광중학교,20231102,1,3,2,기술·가정
일광중학교,20231102,1,3,3,국어
일광중학교,20231102,1,3,4,영어
일광중학교,20231102,1,3,5,미술
일광중학교,20231102,1,3,6,사회
일광중학교,20231102,1,4,1,(자)진로탐색활동
일광중학교,20231102,1,4,2,생활 중국어
일광중학교,20231102,1,4,3,음악
일광중학교,20231102,1,4,4,국어
일광중학교,20231102,1,4,5,사회
일광중학교,20231102,1,4,6,체육
일광중학교,20231102,1,5,1,체육
일광중학교,20231102,1,5,2,한문
일광중학교,20231102,1,5,3,(자)진로탐색활동
일광중학교,20231102,1,5,4,과학
일광중학교,20231102,1,5,5,국어
일광중학교,20231102,1,5,6,영어
일광중학교,20231102,1,6,1,미술
일광중학교,20231102,1,6,2,체육
일광중학교,20231102,1,6,3,도덕
일광중학교,20231102,1,6,4,국어
일광중학교,20231102,1,6,5,수학
일광중학교,20231102,1,6,6,사회
일광중학교,20231102,1,7,1,수학
일광중학교,20231102,1,7,2,영어
일광중학교,20231102,1,7,3,기술·가정
일광중학교,20231102,1,7,4,한문
일광중학교,20231102,1,7,5,음악
일광중학교,20231102,1,7,6,도덕
일광중학교,20231102,1,8,1,영어
일광중학교,20231102,1,8,2,도덕
일광중학교,20231102,1,8,3,과학
일광중학교,20231102,1,8,4,수학
일광중학교,20231102,1,8,5,사회
일광중학교,20231102,1,8,6,국어
일광중학교,20231102,1,9,1,음악
일광중학교,20231102,1,9,2,미술
일광중학교,20231102,1,9,3,국어
일광중학교,20231102,1,9,4,사회
일광중학교,20231102,1,9,5,도덕
일광중학교,20231102,1,9,6,과학
일광중학교,20231102,2,1,1,도덕
일광중학교,20231102,2,1,2,국어
일광중학교,20231102,2,1,3,영어
일광중학교,20231102,2,1,4,음악
일광중학교,20231102,2,1,5,역사
일광중학교,20231102,2,1,6,과학
일광중학교,20231102,2,2,1,영어
일광중학교,20231102,2,2,2,기술·가정
일광중학교,20231102,2,2,3,역사
일광중학교,20231102,2,2,4,영어
일광중학교,20231102,2,2,5,과학
일광중학교,20231102,2,2,6,체육
일광중학교,20231102,2,3,1,역사
일광중학교,20231102,2,3,2,수학
일광중학교,20231102,2,3,3,과학
일광중학교,20231102,2,3,4,기술·가정
일광중학교,20231102,2,3,5,체육
일광중학교,20231102,2,3,6,도덕
일광중학교,20231102,2,4,1,영어
일광중학교,20231102,2,4,2,국어
일광중학교,20231102,2,4,3,수학
일광중학교,20231102,2,4,4,역사
일광중학교,20231102,2,4,5,도덕
일광중학교,20231102,2,4,6,영어
일광중학교,20231102,2,5,1,수학
일광중학교,20231102,2,5,2,도덕
일광중학교,20231102,2,5,3,영어
일광중학교,20231102,2,5,4,체육
일광중학교,20231102,2,5,5,과학
일광중학교,20231102,2,5,6,영어
일광중학교,20231102,2,6,1,체육
일광중학교,20231102,2,6,2,과학
일광중학교,20231102,2,6,3,체육
일광중학교,20231102,2,6,4,영어
일광중학교,20231102,2,6,5,수학
일광중학교,20231102,2,6,6,국어
일광중학교,20231102,2,7,1,국어
일광중학교,20231102,2,7,2,체육
일광중학교,20231102,2,7,3,음악
일광중학교,20231102,2,7,4,역사
일광중학교,20231102,2,7,5,생활 중국어
일광중학교,20231102,2,7,5,한문
일광중학교,20231102,2,7,6,과학
일광중학교,20231102,2,8,1,기술·가정
일광중학교,20231102,2,8,2,과학
일광중학교,20231102,2,8,3,국어
일광중학교,20231102,2,8,4,수학
일광중학교,20231102,2,8,5,생활 중국어
일광중학교,20231102,2,8,5,한문
일광중학교,20231102,2,8,6,역사
일광중학교,20231102,3,1,1,과학
일광중학교,20231102,3,1,2,영어
일광중학교,20231102,3,1,3,역사
일광중학교,20231102,3,1,4,사회
일광중학교,20231102,3,1,5,체육
일광중학교,20231102,3,1,6,수학
일광중학교,20231102,3,2,1,체육
일광중학교,20231102,3,2,2,수학
일광중학교,20231102,3,2,3,과학
일광중학교,20231102,3,2,4,국어
일광중학교,20231102,3,2,5,미술
일광중학교,20231102,3,2,6,미술
일광중학교,20231102,3,3,1,수학
일광중학교,20231102,3,3,2,역사
일광중학교,20231102,3,3,3,영어
일광중학교,20231102,3,3,4,국어
일광중학교,20231102,3,3,5,정보
일광중학교,20231102,3,3,6,과학
일광중학교,20231102,3,4,1,수학
일광중학교,20231102,3,4,2,정보
일광중학교,20231102,3,4,3,사회
일광중학교,20231102,3,4,4,과학
일광중학교,20231102,3,4,5,국어
일광중학교,20231102,3,4,6,역사
일광중학교,20231102,3,5,1,체육
일광중학교,20231102,3,5,2,체육
일광중학교,20231102,3,5,3,사회
일광중학교,20231102,3,5,4,과학
일광중학교,20231102,3,5,5,영어
일광중학교,20231102,3,5,6,수학
일광중학교,20231102,3,6,1,기술·가정
일광중학교,20231102,3,6,2,영어
일광중학교,20231102,3,6,3,수학
일광중학교,20231102,3,6,4,정보
일광중학교,20231102,3,6,5,과학
일광중학교,20231102,3,6,6,국어
일광중학교,20231102,3,7,1,국어
일광중학교,20231102,3,7,2,사회
일광중학교,20231102,3,7,3,미술
일광중학교,20231102,3,7,4,미술
일광중학교,20231102,3,7,5,기술·가정
일광중학교,20231102,3,7,6,영어
일광중학교,20231102,3,8,1,국어
일광중학교,20231102,3,8,2,과학
일광중학교,20231102,3,8,3,영어
일광중학교,20231102,3,8,4,수학
일광중학교,20231102,3,8,5,역사
일광중학교,20231102,3,8,6,기술·가정
일광중학교,20231102,3,9,1,정보
일광중학교,20231102,3,9,2,기술·가정
일광중학교,20231102,3,9,3,국어
일광중학교,20231102,3,9,4,체육
일광중학교,20231102,3,9,5,영어
일광중학교,20231102,3,9,6,과학
일광중학교,20231103,1,1,1,(자)진로탐색활동
일광중학교,20231103,1,1,2,영어
일광중학교,20231103,1,1,3,과학
일광중학교,20231103,1,1,4,도덕
일광중학교,20231103,1,1,5,국어
일광중학교,20231103,1,1,6,생활 중국어
일광중학교,20231103,1,2,1,도덕
일광중학교,20231103,1,2,2,사회
일광중학교,20231103,1,2,3,체육
일광중학교,20231103,1,2,4,음악
일광중학교,20231103,1,2,5,수학
일광중학교,20231103,1,2,6,국어
일광중학교,20231103,1,3,1,음악
일광중학교,20231103,1,3,2,생활 중국어
일광중학교,20231103,1,3,3,(자)진로탐색활동
일광중학교,20231103,1,3,4,수학
일광중학교,20231103,1,3,5,영어
일광중학교,20231103,1,3,6,체육
일광중학교,20231103,1,4,1,사회
일광중학교,20231103,1,4,2,국어
일광중학교,20231103,1,4,3,수학
일광중학교,20231103,1,4,4,미술
일광중학교,20231103,1,4,5,과학
일광중학교,20231103,1,4,6,영어
일광중학교,20231103,1,5,1,국어
일광중학교,20231103,1,5,2,수학
일광중학교,20231103,1,5,3,도덕
일광중학교,20231103,1,5,4,기술·가정
일광중학교,20231103,1,5,5,음악
일광중학교,20231103,1,5,6,사회
일광중학교,20231103,1,6,1,과학
일광중학교,20231103,1,6,2,기술·가정
일광중학교,20231103,1,6,3,음악
일광중학교,20231103,1,6,4,(자)진로탐색활동
일광중학교,20231103,1,6,5,국어
일광중학교,20231103,1,6,6,수학
일광중학교,20231103,1,7,1,체육
일광중학교,20231103,1,7,2,국어
일광중학교,20231103,1,7,3,수학
일광중학교,20231103,1,7,4,과학
일광중학교,20231103,1,7,5,사회
일광중학교,20231103,1,7,6,기술·가정
일광중학교,20231103,1,8,1,기술·가정
일광중학교,20231103,1,8,2,미술
일광중학교,20231103,1,8,3,국어
일광중학교,20231103,1,8,4,한문
일광중학교,20231103,1,8,5,체육
일광중학교,20231103,1,8,6,국어
일광중학교,20231103,1,9,1,수학
일광중학교,20231103,1,9,2,체육
일광중학교,20231103,1,9,3,영어
일광중학교,20231103,1,9,4,사회
일광중학교,20231103,1,9,5,생활 중국어
일광중학교,20231103,1,9,5,한문
일광중학교,20231103,1,9,6,도덕
일광중학교,20231103,2,1,1,국어
일광중학교,20231103,2,1,2,체육
일광중학교,20231103,2,1,3,영어
일광중학교,20231103,2,1,4,영어
일광중학교,20231103,2,1,5,수학
일광중학교,20231103,2,1,6,과학
일광중학교,20231103,2,2,1,과학
일광중학교,20231103,2,2,2,수학
일광중학교,20231103,2,2,3,역사
일광중학교,20231103,2,2,4,국어
일광중학교,20231103,2,2,5,영어
일광중학교,20231103,2,2,6,도덕
일광중학교,20231103,2,3,1,도덕
일광중학교,20231103,2,3,2,역사
일광중학교,20231103,2,3,3,한문
일광중학교,20231103,2,3,3,생활 중국어
일광중학교,20231103,2,3,4,과학
일광중학교,20231103,2,3,5,국어
일광중학교,20231103,2,3,6,영어
일광중학교,20231103,2,4,1,영어
일광중학교,20231103,2,4,2,기술·가정
일광중학교,20231103,2,4,3,한문
일광중학교,20231103,2,4,3,생활 중국어
일광중학교,20231103,2,4,4,역사
일광중학교,20231103,2,4,5,과학
일광중학교,20231103,2,4,6,수학
일광중학교,20231103,2,5,1,역사
일광중학교,20231103,2,5,2,국어
일광중학교,20231103,2,5,3,수학
일광중학교,20231103,2,5,4,과학
일광중학교,20231103,2,5,5,기술·가정
일광중학교,20231103,2,5,6,역사
일광중학교,20231103,2,6,1,역사
일광중학교,20231103,2,6,2,국어
일광중학교,20231103,2,6,3,도덕
일광중학교,20231103,2,6,4,음악
일광중학교,20231103,2,6,5,미술
일광중학교,20231103,2,6,6,국어
일광중학교,20231103,2,7,1,국어
일광중학교,20231103,2,7,2,과학
일광중학교,20231103,2,7,3,영어
일광중학교,20231103,2,7,4,역사
일광중학교,20231103,2,7,5,체육
일광중학교,20231103,2,7,6,수학
일광중학교,20231103,2,8,1,영어
일광중학교,20231103,2,8,2,과학
일광중학교,20231103,2,8,3,기술·가정
일광중학교,20231103,2,8,4,도덕
일광중학교,20231103,2,8,5,수학
일광중학교,20231103,2,8,6,체육
일광중학교,20231103,3,1,1,국어
일광중학교,20231103,3,1,2,영어
일광중학교,20231103,3,1,3,체육
일광중학교,20231103,3,1,4,사회
일광중학교,20231103,3,1,5,기술·가정
일광중학교,20231103,3,1,6,국어
일광중학교,20231103,3,2,1,체육
일광중학교,20231103,3,2,2,기술·가정
일광중학교,20231103,3,2,3,사회
일광중학교,20231103,3,2,4,국어
일광중학교,20231103,3,2,5,수학
일광중학교,20231103,3,2,6,영어
일광중학교,20231103,3,3,1,정보
일광중학교,20231103,3,3,2,체육
일광중학교,20231103,3,3,3,과학
일광중학교,20231103,3,3,4,국어
일광중학교,20231103,3,3,5,미술
일광중학교,20231103,3,3,6,미술
일광중학교,20231103,3,4,1,수학
일광중학교,20231103,3,4,2,영어
일광중학교,20231103,3,4,3,체육
일광중학교,20231103,3,4,4,과학
일광중학교,20231103,3,4,5,국어
일광중학교,20231103,3,4,6,체육
일광중학교,20231103,3,5,1,영어
일광중학교,20231103,3,5,2,정보
일광중학교,20231103,3,5,3,기술·가정
일광중학교,20231103,3,5,4,체육
일광중학교,20231103,3,5,5,사회
일광중학교,20231103,3,5,6,과학
일광중학교,20231103,3,6,1,국어
일광중학교,20231103,3,6,2,음악
일광중학교,20231103,3,6,3,영어
일광중학교,20231103,3,6,4,정보
일광중학교,20231103,3,6,5,체육
일광중학교,20231103,3,6,6,역사
일광중학교,20231103,3,7,1,체육
일광중학교,20231103,3,7,2,과학
일광중학교,20231103,3,7,3,수학
일광중학교,20231103,3,7,4,영어
일광중학교,20231103,3,7,5,역사
일광중학교,20231103,3,7,6,정보
일광중학교,20231103,3,8,1,과학
일광중학교,20231103,3,8,2,미술
일광중학교,20231103,3,8,3,미술
일광중학교,20231103,3,8,4,체육
일광중학교,20231103,3,8,5,국어
일광중학교,20231103,3,8,6,사회
일광중학교,20231103,3,9,1,사회
일광중학교,20231103,3,9,2,국어
일광중학교,20231103,3,9,3,역사
일광중학교,20231103,3,9,4,과학
일광중학교,20231103,3,9,5,영어
일광중학교,20231103,3,9,6,수학
일광초등학교,20231028,1,1,1,None
일광초등학교,20231028,1,1,2,None
일광초등학교,20231028,1,1,3,None
일광초등학교,20231028,1,1,4,None
일광초등학교,20231028,1,1,5,None
일광초등학교,20231028,1,1,6,None
일광초등학교,20231028,1,1,7,None
일광초등학교,20231028,1,1,8,None
일광초등학교,20231028,1,2,1,None
일광초등학교,20231028,1,2,2,None
일광초등학교,20231028,1,2,3,None
일광초등학교,20231028,1,2,4,None
일광초등학교,20231028,1,2,5,None
일광초등학교,20231028,1,2,6,None
일광초등학교,20231028,1,2,7,None
일광초등학교,20231028,1,2,8,None
일광초등학교,20231028,1,3,1,None
일광초등학교,20231028,1,3,2,None
일광초등학교,20231028,1,3,3,None
일광초등학교,20231028,1,3,4,None
일광초등학교,20231028,1,3,5,None
일광초등학교,20231028,1,4,1,None
일광초등학교,20231028,1,4,2,None
일광초등학교,20231028,1,4,3,None
일광초등학교,20231028,1,4,4,None
일광초등학교,20231028,1,4,5,None
일광초등학교,20231028,1,4,6,None
일광초등학교,20231028,1,4,7,None
일광초등학교,20231028,1,4,8,None
일광초등학교,20231028,1,5,1,None
일광초등학교,20231028,1,5,2,None
일광초등학교,20231028,1,5,3,None
일광초등학교,20231028,1,5,4,None
일광초등학교,20231028,1,5,5,None
일광초등학교,20231028,1,6,1,None
일광초등학교,20231028,1,6,2,None
일광초등학교,20231028,1,6,3,None
일광초등학교,20231028,1,6,4,None
일광초등학교,20231028,1,6,5,None
일광초등학교,20231028,1,6,6,None
일광초등학교,20231028,1,6,7,None
일광초등학교,20231028,1,6,8,None
일광초등학교,20231028,1,7,1,None
일광초등학교,20231028,1,7,2,None
일광초등학교,20231028,1,7,3,None
일광초등학교,20231028,1,7,4,None
일광초등학교,20231028,1,7,5,None
일광초등학교,20231028,1,7,6,None
일광초등학교,20231028,1,7,7,None
일광초등학교,20231028,1,7,8,None
일광초등학교,20231028,2,1,1,None
일광초등학교,20231028,2,1,2,None
일광초등학교,20231028,2,1,3,None
일광초등학교,20231028,2,1,4,None
일광초등학교,20231028,2,1,5,None
일광초등학교,20231028,2,1,6,None
일광초등학교,20231028,2,1,7,None
일광초등학교,20231028,2,1,8,None
일광초등학교,20231028,2,2,1,None
일광초등학교,20231028,2,2,2,None
일광초등학교,20231028,2,2,3,None
일광초등학교,20231028,2,2,4,None
일광초등학교,20231028,2,2,5,None
일광초등학교,20231028,2,2,6,None
일광초등학교,20231028,2,2,7,None
일광초등학교,20231028,2,2,8,None
일광초등학교,20231028,2,3,1,None
일광초등학교,20231028,2,3,2,None
일광초등학교,20231028,2,3,3,None
일광초등학교,20231028,2,3,4,None
일광초등학교,20231028,2,3,5,None
일광초등학교,20231028,2,3,6,None
일광초등학교,20231028,2,3,7,None
일광초등학교,20231028,2,3,8,None
일광초등학교,20231028,2,4,1,None
일광초등학교,20231028,2,4,2,None
일광초등학교,20231028,2,4,3,None
일광초등학교,20231028,2,4,4,None
일광초등학교,20231028,2,4,5,None
일광초등학교,20231028,2,4,6,None
일광초등학교,20231028,2,4,7,None
일광초등학교,20231028,2,4,8,None
일광초등학교,20231028,2,5,1,None
일광초등학교,20231028,2,5,2,None
일광초등학교,20231028,2,5,3,None
일광초등학교,20231028,2,5,4,None
일광초등학교,20231028,2,5,5,None
일광초등학교,20231028,2,6,1,None
일광초등학교,20231028,2,6,2,None
일광초등학교,20231028,2,6,3,None
일광초등학교,20231028,2,6,4,None
일광초등학교,20231028,2,6,5,None
일광초등학교,20231028,2,7,1,None
일광초등학교,20231028,2,7,2,None
일광초등학교,20231028,2,7,3,None
일광초등학교,20231028,2,7,4,None
일광초등학교,20231028,2,7,5,None
일광초등학교,20231028,2,7,6,None
일광초등학교,20231028,2,7,7,None
일광초등학교,20231028,2,7,8,None
일광초등학교,20231028,3,1,1,None
일광초등학교,20231028,3,1,2,None
일광초등학교,20231028,3,1,3,None
일광초등학교,20231028,3,1,4,None
일광초등학교,20231028,3,1,5,None
일광초등학교,20231028,3,2,1,None
일광초등학교,20231028,3,2,2,None
일광초등학교,20231028,3,2,3,None
일광초등학교,20231028,3,2,4,None
일광초등학교,20231028,3,3,1,None
일광초등학교,20231028,3,3,2,None
일광초등학교,20231028,3,3,3,None
일광초등학교,20231028,3,3,4,None
일광초등학교,20231028,3,3,5,None
일광초등학교,20231028,3,3,6,None
일광초등학교,20231028,3,3,7,None
일광초등학교,20231028,3,3,8,None
일광초등학교,20231028,3,4,1,None
일광초등학교,20231028,3,4,2,None
일광초등학교,20231028,3,4,3,None
일광초등학교,20231028,3,4,4,None
일광초등학교,20231028,3,4,5,None
일광초등학교,20231028,3,5,1,None
일광초등학교,20231028,3,5,2,None
일광초등학교,20231028,3,5,3,None
일광초등학교,20231028,3,5,4,None
일광초등학교,20231028,3,5,5,None
일광초등학교,20231028,3,5,6,None
일광초등학교,20231028,3,5,7,None
일광초등학교,20231028,3,5,8,None
일광초등학교,20231028,3,6,1,None
일광초등학교,20231028,3,6,2,None
일광초등학교,20231028,3,6,3,None
일광초등학교,20231028,3,6,4,None
일광초등학교,20231028,3,6,5,None
일광초등학교,20231028,3,6,6,None
일광초등학교,20231028,3,6,7,None
일광초등학교,20231028,3,6,8,None
일광초등학교,20231028,3,7,1,None
일광초등학교,20231028,3,7,2,None
일광초등학교,20231028,3,7,3,None
일광초등학교,20231028,3,7,4,None
일광초등학교,20231028,3,7,5,None
일광초등학교,20231028,3,7,6,None
일광초등학교,20231028,3,7,7,None
일광초등학교,20231028,3,7,8,None
일광초등학교,20231028,4,1,1,None
일광초등학교,20231028,4,1,2,None
일광초등학교,20231028,4,1,3,None
일광초등학교,20231028,4,1,4,None
일광초등학교,20231028,4,1,5,None
일광초등학교,20231028,4,1,6,None
일광초등학교,20231028,4,1,7,None
일광초등학교,20231028,4,1,8,None
일광초등학교,20231028,4,2,1,None
일광초등학교,20231028,4,2,2,None
일광초등학교,20231028,4,2,3,None
일광초등학교,20231028,4,2,4,None
일광초등학교,20231028,4,2,5,None
일광초등학교,20231028,4,2,6,None
일광초등학교,20231028,4,2,7,None
일광초등학교,20231028,4,2,8,None
일광초등학교,20231028,4,3,1,None
일광초등학교,20231028,4,3,2,None
일광초등학교,20231028,4,3,3,None
일광초등학교,20231028,4,3,4,None
일광초등학교,20231028,4,3,5,None
일광초등학교,20231028,4,4,1,None
일광초등학교,20231028,4,4,2,None
일광초등학교,20231028,4,4,3,None
일광초등학교,20231028,4,4,4,None
일광초등학교,20231028,4,4,5,None
일광초등학교,20231028,4,4,6,None
일광초등학교,20231028,4,4,7,None
일광초등학교,20231028,4,4,8,None
일광초등학교,20231028,4,5,1,None
일광초등학교,20231028,4,5,2,None
일광초등학교,20231028,4,5,3,None
일광초등학교,20231028,4,5,4,None
일광초등학교,20231028,4,5,5,None
일광초등학교,20231028,4,5,6,None
일광초등학교,20231028,4,5,7,None
일광초등학교,20231028,4,5,8,None
일광초등학교,20231028,4,6,1,None
일광초등학교,20231028,4,6,2,None
일광초등학교,20231028,4,6,3,None
일광초등학교,20231028,4,6,4,None
일광초등학교,20231028,4,6,5,None
일광초등학교,20231028,4,6,6,None
일광초등학교,20231028,4,6,7,None
일광초등학교,20231028,4,6,8,None
일광초등학교,20231028,4,7,1,None
일광초등학교,20231028,4,7,2,None
일광초등학교,20231028,4,7,3,None
일광초등학교,20231028,4,7,4,None
일광초등학교,20231028,4,7,5,None
일광초등학교,20231028,4,7,6,None
일광초등학교,20231028,4,7,7,None
일광초등학교,20231028,4,7,8,None
일광초등학교,20231028,5,1,1,None
일광초등학교,20231028,5,1,2,None
일광초등학교,20231028,5,1,3,None
일광초등학교,20231028,5,1,4,None
일광초등학교,20231028,5,1,5,None
일광초등학교,20231028,5,1,6,None
일광초등학교,20231028,5,1,7,None
일광초등학교,20231028,5,1,8,None
일광초등학교,20231028,5,2,1,None
일광초등학교,20231028,5,2,2,None
일광초등학교,20231028,5,2,3,None
일광초등학교,20231028,5,2,4,None
일광초등학교,20231028,5,2,5,None
일광초등학교,20231028,5,2,6,None
일광초등학교,20231028,5,2,7,None
일광초등학교,20231028,5,2,8,None
일광초등학교,20231028,5,3,1,None
일광초등학교,20231028,5,3,2,None
일광초등학교,20231028,5,3,3,None
일광초등학교,20231028,5,3,4,None
일광초등학교,20231028,5,3,5,None
일광초등학교,20231028,5,3,6,None
일광초등학교,20231028,5,3,7,None
일광초등학교,20231028,5,3,8,None
일광초등학교,20231028,5,4,1,None
일광초등학교,20231028,5,4,2,None
일광초등학교,20231028,5,4,3,None
일광초등학교,20231028,5,4,4,None
일광초등학교,20231028,5,4,5,None
일광초등학교,20231028,5,4,6,None
일광초등학교,20231028,5,4,7,None
일광초등학교,20231028,5,4,8,None
일광초등학교,20231028,5,5,1,None
일광초등학교,20231028,5,5,2,None
일광초등학교,20231028,5,5,3,None
일광초등학교,20231028,5,5,4,None
일광초등학교,20231028,5,5,5,None
일광초등학교,20231028,5,5,6,None
일광초등학교,20231028,5,5,7,None
일광초등학교,20231028,5,5,8,None
일광초등학교,20231028,5,6,1,None
일광초등학교,20231028,5,6,2,None
일광초등학교,20231028,5,6,3,None
일광초등학교,20231028,5,6,4,None
일광초등학교,20231028,5,6,5,None
일광초등학교,20231028,5,6,6,None
일광초등학교,20231028,5,6,7,None
일광초등학교,20231028,5,6,8,None
일광초등학교,20231028,5,7,1,None
일광초등학교,20231028,5,7,2,None
일광초등학교,20231028,5,7,3,None
일광초등학교,20231028,5,7,4,None
일광초등학교,20231028,5,7,5,None
일광초등학교,20231028,5,7,6,None
일광초등학교,20231028,5,7,7,None
일광초등학교,20231028,5,7,8,None
일광초등학교,20231028,6,1,1,None
일광초등학교,20231028,6,1,2,None
일광초등학교,20231028,6,1,3,None
일광초등학교,20231028,6,1,4,None
일광초등학교,20231028,6,1,5,None
일광초등학교,20231028,6,1,6,None
일광초등학교,20231028,6,1,7,None
일광초등학교,20231028,6,1,8,None
일광초등학교,20231028,6,2,1,None
일광초등학교,20231028,6,2,2,None
일광초등학교,20231028,6,2,3,None
일광초등학교,20231028,6,2,4,None
일광초등학교,20231028,6,2,5,None
일광초등학교,20231028,6,2,6,None
일광초등학교,20231028,6,2,7,None
일광초등학교,20231028,6,2,8,None
일광초등학교,20231028,6,3,1,None
일광초등학교,20231028,6,3,2,None
일광초등학교,20231028,6,3,3,None
일광초등학교,20231028,6,3,4,None
일광초등학교,20231028,6,3,5,None
일광초등학교,20231028,6,4,1,None
일광초등학교,20231028,6,4,2,None
일광초등학교,20231028,6,4,3,None
일광초등학교,20231028,6,4,4,None
일광초등학교,20231028,6,4,5,None
일광초등학교,20231028,6,4,6,None
일광초등학교,20231028,6,4,7,None
일광초등학교,20231028,6,4,8,None
일광초등학교,20231028,6,5,1,None
일광초등학교,20231028,6,5,2,None
일광초등학교,20231028,6,5,3,None
일광초등학교,20231028,6,5,4,None
일광초등학교,20231028,6,5,5,None
일광초등학교,20231028,6,5,6,None
일광초등학교,20231028,6,5,7,None
일광초등학교,20231028,6,5,8,None
일광초등학교,20231028,6,6,1,None
일광초등학교,20231028,6,6,2,None
일광초등학교,20231028,6,6,3,None
일광초등학교,20231028,6,6,4,None
일광초등학교,20231028,6,6,5,None
일광초등학교,20231028,6,6,6,None
일광초등학교,20231028,6,6,7,None
일광초등학교,20231028,6,6,8,None
일광초등학교,20231030,1,1,1,국어
일광초등학교,20231030,1,1,2,국어
일광초등학교,20231030,1,1,3,수학
일광초등학교,20231030,1,1,4,즐거운생활
일광초등학교,20231030,1,1,5,즐거운생활
일광초등학교,20231030,1,2,1,국어
일광초등학교,20231030,1,2,2,국어
일광초등학교,20231030,1,2,3,수학
일광초등학교,20231030,1,2,4,즐거운생활
일광초등학교,20231030,1,2,5,즐거운생활
일광초등학교,20231030,1,3,1,국어
일광초등학교,20231030,1,3,2,국어
일광초등학교,20231030,1,3,3,수학
일광초등학교,20231030,1,3,4,즐거운생활
일광초등학교,20231030,1,3,5,즐거운생활
일광초등학교,20231030,1,4,1,국어
일광초등학교,20231030,1,4,2,국어
일광초등학교,20231030,1,4,3,수학
일광초등학교,20231030,1,4,4,즐거운생활
일광초등학교,20231030,1,4,5,즐거운생활
일광초등학교,20231030,1,5,1,국어
일광초등학교,20231030,1,5,2,국어
일광초등학교,20231030,1,5,3,수학
일광초등학교,20231030,1,5,4,즐거운생활
일광초등학교,20231030,1,5,5,즐거운생활
일광초등학교,20231030,1,6,1,국어
일광초등학교,20231030,1,6,2,국어
일광초등학교,20231030,1,6,3,수학
일광초등학교,20231030,1,6,4,즐거운생활
일광초등학교,20231030,1,6,5,즐거운생활
일광초등학교,20231030,1,7,1,국어
일광초등학교,20231030,1,7,2,국어
일광초등학교,20231030,1,7,3,수학
일광초등학교,20231030,1,7,4,즐거운생활
일광초등학교,20231030,1,7,5,즐거운생활
일광초등학교,20231030,2,1,1,국어
일광초등학교,20231030,2,1,2,수학
일광초등학교,20231030,2,1,3,국어
일광초등학교,20231030,2,1,4,바른생활
일광초등학교,20231030,2,1,5,즐거운생활
일광초등학교,20231030,2,2,1,국어
일광초등학교,20231030,2,2,2,수학
일광초등학교,20231030,2,2,3,바른생활
일광초등학교,20231030,2,2,4,슬기로운생활
일광초등학교,20231030,2,2,5,즐거운생활
일광초등학교,20231030,2,3,1,국어
일광초등학교,20231030,2,3,2,국어
일광초등학교,20231030,2,3,3,수학
일광초등학교,20231030,2,3,4,바른생활
일광초등학교,20231030,2,3,5,즐거운생활
일광초등학교,20231030,2,4,1,즐거운생활
일광초등학교,20231030,2,4,2,수학
일광초등학교,20231030,2,4,3,바른생활
일광초등학교,20231030,2,4,4,국어
일광초등학교,20231030,2,4,5,국어
일광초등학교,20231030,2,5,1,국어
일광초등학교,20231030,2,5,2,즐거운생활
일광초등학교,20231030,2,5,3,수학
일광초등학교,20231030,2,5,4,바른생활
일광초등학교,20231030,2,5,5,즐거운생활
일광초등학교,20231030,2,6,1,국어
일광초등학교,20231030,2,6,2,수학
일광초등학교,20231030,2,6,3,즐거운생활
일광초등학교,20231030,2,6,4,바른생활
일광초등학교,20231030,2,6,5,즐거운생활
일광초등학교,20231030,2,7,1,국어
일광초등학교,20231030,2,7,2,수학
일광초등학교,20231030,2,7,3,국어
일광초등학교,20231030,2,7,4,자율활동
일광초등학교,20231030,2,7,5,즐거운생활
일광초등학교,20231030,3,1,1,국어
일광초등학교,20231030,3,1,2,과학
일광초등학교,20231030,3,1,3,자율활동
일광초등학교,20231030,3,1,4,자율활동
일광초등학교,20231030,3,1,5,도덕
일광초등학교,20231030,3,2,1,국어
일광초등학교,20231030,3,2,2,국어
일광초등학교,20231030,3,2,3,사회
일광초등학교,20231030,3,2,4,과학
일광초등학교,20231030,3,2,5,음악
일광초등학교,20231030,3,3,1,수학
일광초등학교,20231030,3,3,2,국어
일광초등학교,20231030,3,3,3,과학
일광초등학교,20231030,3,3,4,도덕
일광초등학교,20231030,3,3,5,사회
일광초등학교,20231030,3,4,1,자율활동
일광초등학교,20231030,3,4,2,음악
일광초등학교,20231030,3,4,3,국어
일광초등학교,20231030,3,4,4,국어
일광초등학교,20231030,3,4,5,수학
일광초등학교,20231030,3,5,1,수학
일광초등학교,20231030,3,5,2,도덕
일광초등학교,20231030,3,5,3,국어
일광초등학교,20231030,3,5,4,국어
일광초등학교,20231030,3,5,5,음악
일광초등학교,20231030,3,6,1,국어
일광초등학교,20231030,3,6,2,수학
일광초등학교,20231030,3,6,3,자율활동
일광초등학교,20231030,3,6,4,사회
일광초등학교,20231030,3,6,5,과학
일광초등학교,20231030,3,7,1,수학
일광초등학교,20231030,3,7,2,국어
일광초등학교,20231030,3,7,3,국어
일광초등학교,20231030,3,7,4,과학
일광초등학교,20231030,3,7,5,사회
일광초등학교,20231030,4,1,1,도덕
일광초등학교,20231030,4,1,2,체육
일광초등학교,20231030,4,1,3,자율활동
일광초등학교,20231030,4,1,4,과학
일광초등학교,20231030,4,1,5,국어
일광초등학교,20231030,4,2,1,도덕
일광초등학교,20231030,4,2,2,국어
일광초등학교,20231030,4,2,3,국어
일광초등학교,20231030,4,2,4,체육
일광초등학교,20231030,4,2,5,과학
일광초등학교,20231030,4,3,1,체육
일광초등학교,20231030,4,3,2,국어
일광초등학교,20231030,4,3,3,국어
일광초등학교,20231030,4,3,4,과학
일광초등학교,20231030,4,3,5,도덕
일광초등학교,20231030,4,4,1,도덕
일광초등학교,20231030,4,4,2,국어
일광초등학교,20231030,4,4,3,과학
일광초등학교,20231030,4,4,4,체육
일광초등학교,20231030,4,4,5,자율활동
일광초등학교,20231030,4,5,1,도덕
일광초등학교,20231030,4,5,2,국어
일광초등학교,20231030,4,5,3,사회
일광초등학교,20231030,4,5,4,수학
일광초등학교,20231030,4,5,5,과학
일광초등학교,20231030,4,6,1,도덕
일광초등학교,20231030,4,6,2,국어
일광초등학교,20231030,4,6,3,과학
일광초등학교,20231030,4,6,4,수학
일광초등학교,20231030,4,6,5,자율활동
일광초등학교,20231030,4,7,1,수학
일광초등학교,20231030,4,7,2,도덕
일광초등학교,20231030,4,7,3,과학
일광초등학교,20231030,4,7,4,음악
일광초등학교,20231030,4,7,5,체육
일광초등학교,20231030,5,1,1,국어
일광초등학교,20231030,5,1,2,자율활동
일광초등학교,20231030,5,1,3,수학
일광초등학교,20231030,5,1,4,도덕
일광초등학교,20231030,5,1,5,실과
일광초등학교,20231030,5,1,6,음악
일광초등학교,20231030,5,2,1,수학
일광초등학교,20231030,5,2,2,자율활동
일광초등학교,20231030,5,2,3,국어
일광초등학교,20231030,5,2,4,영어
일광초등학교,20231030,5,2,5,실과
일광초등학교,20231030,5,2,6,사회
일광초등학교,20231030,5,3,1,도덕
일광초등학교,20231030,5,3,2,자율활동
일광초등학교,20231030,5,3,3,수학
일광초등학교,20231030,5,3,4,사회
일광초등학교,20231030,5,3,5,영어
일광초등학교,20231030,5,3,6,국어
일광초등학교,20231030,5,4,1,도덕
일광초등학교,20231030,5,4,2,자율활동
일광초등학교,20231030,5,4,3,과학
일광초등학교,20231030,5,4,4,과학
일광초등학교,20231030,5,4,5,국어
일광초등학교,20231030,5,4,6,국어
일광초등학교,20231030,5,5,1,실과
일광초등학교,20231030,5,5,2,자율활동
일광초등학교,20231030,5,5,3,국어
일광초등학교,20231030,5,5,4,국어
일광초등학교,20231030,5,5,5,실과
일광초등학교,20231030,5,5,6,음악
일광초등학교,20231030,5,6,1,실과
일광초등학교,20231030,5,6,2,자율활동
일광초등학교,20231030,5,6,3,국어
일광초등학교,20231030,5,6,4,사회
일광초등학교,20231030,5,6,5,수학
일광초등학교,20231030,5,6,6,음악
일광초등학교,20231030,5,7,1,수학
일광초등학교,20231030,5,7,2,자율활동
일광초등학교,20231030,5,7,3,국어
일광초등학교,20231030,5,7,4,과학
일광초등학교,20231030,5,7,5,사회
일광초등학교,20231030,5,7,6,사회
일광초등학교,20231030,6,1,1,영어
일광초등학교,20231030,6,1,2,체육
일광초등학교,20231030,6,1,3,국어
일광초등학교,20231030,6,1,4,국어
일광초등학교,20231030,6,1,5,과학
일광초등학교,20231030,6,1,6,음악
일광초등학교,20231030,6,2,1,국어
일광초등학교,20231030,6,2,2,영어
일광초등학교,20231030,6,2,3,체육
일광초등학교,20231030,6,2,4,자율활동
일광초등학교,20231030,6,2,5,사회
일광초등학교,20231030,6,2,6,사회
일광초등학교,20231030,6,3,1,도덕
일광초등학교,20231030,6,3,2,수학
일광초등학교,20231030,6,3,3,자율활동
일광초등학교,20231030,6,3,4,영어
일광초등학교,20231030,6,3,5,국어
일광초등학교,20231030,6,3,6,음악
일광초등학교,20231030,6,4,1,국어
일광초등학교,20231030,6,4,2,수학
일광초등학교,20231030,6,4,3,자율활동
일광초등학교,20231030,6,4,4,과학
일광초등학교,20231030,6,4,5,영어
일광초등학교,20231030,6,4,6,사회
일광초등학교,20231030,6,5,1,수학
일광초등학교,20231030,6,5,2,영어
일광초등학교,20231030,6,5,3,수학
일광초등학교,20231030,6,5,4,도덕
일광초등학교,20231030,6,5,5,국어
일광초등학교,20231030,6,5,6,사회
일광초등학교,20231030,6,6,1,국어
일광초등학교,20231030,6,6,2,과학
일광초등학교,20231030,6,6,3,자율활동
일광초등학교,20231030,6,6,4,영어
일광초등학교,20231030,6,6,5,음악
일광초등학교,20231030,6,6,6,수학
일광초등학교,20231031,1,1,1,국어
일광초등학교,20231031,1,1,2,국어
일광초등학교,20231031,1,1,3,바른생활
일광초등학교,20231031,1,1,4,즐거운생활
일광초등학교,20231031,1,1,5,슬기로운생활
일광초등학교,20231031,1,2,1,국어
일광초등학교,20231031,1,2,2,국어
일광초등학교,20231031,1,2,3,바른생활
일광초등학교,20231031,1,2,4,즐거운생활
일광초등학교,20231031,1,2,5,슬기로운생활
일광초등학교,20231031,1,3,1,국어
일광초등학교,20231031,1,3,2,국어
일광초등학교,20231031,1,3,3,바른생활
일광초등학교,20231031,1,3,4,즐거운생활
일광초등학교,20231031,1,3,5,슬기로운생활
일광초등학교,20231031,1,4,1,국어
일광초등학교,20231031,1,4,2,국어
일광초등학교,20231031,1,4,3,바른생활
일광초등학교,20231031,1,4,4,즐거운생활
일광초등학교,20231031,1,4,5,슬기로운생활
일광초등학교,20231031,1,5,1,국어
일광초등학교,20231031,1,5,2,국어
일광초등학교,20231031,1,5,3,바른생활
일광초등학교,20231031,1,5,4,즐거운생활
일광초등학교,20231031,1,5,5,슬기로운생활
일광초등학교,20231031,1,6,1,국어
일광초등학교,20231031,1,6,2,국어
일광초등학교,20231031,1,6,3,바른생활
일광초등학교,20231031,1,6,4,즐거운생활
일광초등학교,20231031,1,6,5,슬기로운생활
일광초등학교,20231031,1,7,1,국어
일광초등학교,20231031,1,7,2,국어
일광초등학교,20231031,1,7,3,바른생활
일광초등학교,20231031,1,7,4,즐거운생활
일광초등학교,20231031,1,7,5,슬기로운생활
일광초등학교,20231031,2,1,1,국어
일광초등학교,20231031,2,1,2,수학
일광초등학교,20231031,2,1,3,슬기로운생활
일광초등학교,20231031,2,1,4,국어
일광초등학교,20231031,2,1,5,바른생활
일광초등학교,20231031,2,2,1,국어
일광초등학교,20231031,2,2,2,수학
일광초등학교,20231031,2,2,3,국어
일광초등학교,20231031,2,2,4,슬기로운생활
일광초등학교,20231031,2,2,5,즐거운생활
일광초등학교,20231031,2,3,1,국어
일광초등학교,20231031,2,3,2,국어
일광초등학교,20231031,2,3,3,수학
일광초등학교,20231031,2,3,4,슬기로운생활
일광초등학교,20231031,2,3,5,바른생활
일광초등학교,20231031,2,4,1,국어
일광초등학교,20231031,2,4,2,국어
일광초등학교,20231031,2,4,3,슬기로운생활
일광초등학교,20231031,2,4,4,국어
일광초등학교,20231031,2,4,5,바른생활
일광초등학교,20231031,2,5,1,국어
일광초등학교,20231031,2,5,2,국어
일광초등학교,20231031,2,5,3,수학
일광초등학교,20231031,2,5,4,슬기로운생활
일광초등학교,20231031,2,5,5,바른생활
일광초등학교,20231031,2,6,1,국어
일광초등학교,20231031,2,6,2,수학
일광초등학교,20231031,2,6,3,즐거운생활
일광초등학교,20231031,2,6,4,즐거운생활
일광초등학교,20231031,2,6,5,즐거운생활
일광초등학교,20231031,2,7,1,국어
일광초등학교,20231031,2,7,2,수학
일광초등학교,20231031,2,7,3,슬기로운생활
일광초등학교,20231031,2,7,4,국어
일광초등학교,20231031,2,7,5,바른생활
일광초등학교,20231031,3,1,1,영어
일광초등학교,20231031,3,1,2,과학
일광초등학교,20231031,3,1,3,과학
일광초등학교,20231031,3,1,4,국어
일광초등학교,20231031,3,1,5,수학
일광초등학교,20231031,3,2,1,수학
일광초등학교,20231031,3,2,2,영어
일광초등학교,20231031,3,2,3,국어
일광초등학교,20231031,3,2,4,체육
일광초등학교,20231031,3,2,5,자율활동
일광초등학교,20231031,3,3,1,수학
일광초등학교,20231031,3,3,2,국어
일광초등학교,20231031,3,3,3,영어
일광초등학교,20231031,3,3,4,사회
일광초등학교,20231031,3,3,5,체육
일광초등학교,20231031,3,4,1,영어
일광초등학교,20231031,3,4,2,국어
일광초등학교,20231031,3,4,3,과학
일광초등학교,20231031,3,4,4,사회
일광초등학교,20231031,3,4,5,체육
일광초등학교,20231031,3,5,1,수학
일광초등학교,20231031,3,5,2,영어
일광초등학교,20231031,3,5,3,국어
일광초등학교,20231031,3,5,4,과학
일광초등학교,20231031,3,5,5,자율활동
일광초등학교,20231031,3,6,1,국어
일광초등학교,20231031,3,6,2,과학
일광초등학교,20231031,3,6,3,영어
일광초등학교,20231031,3,6,4,수학
일광초등학교,20231031,3,6,5,음악
일광초등학교,20231031,3,7,1,과학
일광초등학교,20231031,3,7,2,수학
일광초등학교,20231031,3,7,3,도덕
일광초등학교,20231031,3,7,4,영어
일광초등학교,20231031,3,7,5,자율활동
일광초등학교,20231031,4,1,1,사회
일광초등학교,20231031,4,1,2,국어
일광초등학교,20231031,4,1,3,영어
일광초등학교,20231031,4,1,4,과학
일광초등학교,20231031,4,1,5,수학
일광초등학교,20231031,4,2,1,국어
일광초등학교,20231031,4,2,2,사회
일광초등학교,20231031,4,2,3,과학
일광초등학교,20231031,4,2,4,영어
일광초등학교,20231031,4,2,5,수학
일광초등학교,20231031,4,3,1,국어
일광초등학교,20231031,4,3,2,수학
일광초등학교,20231031,4,3,3,사회
일광초등학교,20231031,4,3,4,과학
일광초등학교,20231031,4,3,5,영어
일광초등학교,20231031,4,4,1,체육
일광초등학교,20231031,4,4,2,국어
일광초등학교,20231031,4,4,3,사회
일광초등학교,20231031,4,4,4,과학
일광초등학교,20231031,4,4,5,수학
일광초등학교,20231031,4,5,1,국어
일광초등학교,20231031,4,5,2,체육
일광초등학교,20231031,4,5,3,사회
일광초등학교,20231031,4,5,4,수학
일광초등학교,20231031,4,5,5,과학
일광초등학교,20231031,4,6,1,국어
일광초등학교,20231031,4,6,2,사회
일광초등학교,20231031,4,6,3,체육
일광초등학교,20231031,4,6,4,과학
일광초등학교,20231031,4,6,5,음악
일광초등학교,20231031,4,7,1,수학
일광초등학교,20231031,4,7,2,국어
일광초등학교,20231031,4,7,3,국어
일광초등학교,20231031,4,7,4,체육
일광초등학교,20231031,4,7,5,사회
일광초등학교,20231031,5,1,1,국어
일광초등학교,20231031,5,1,2,수학
일광초등학교,20231031,5,1,3,과학
일광초등학교,20231031,5,1,4,사회
일광초등학교,20231031,5,1,5,영어
일광초등학교,20231031,5,1,6,음악
일광초등학교,20231031,5,2,1,과학
일광초등학교,20231031,5,2,2,수학
일광초등학교,20231031,5,2,3,음악
일광초등학교,20231031,5,2,4,국어
일광초등학교,20231031,5,2,5,미술
일광초등학교,20231031,5,2,6,미술
일광초등학교,20231031,5,3,1,국어
일광초등학교,20231031,5,3,2,체육
일광초등학교,20231031,5,3,3,자율활동
일광초등학교,20231031,5,3,4,수학
일광초등학교,20231031,5,3,5,미술
일광초등학교,20231031,5,3,6,미술
일광초등학교,20231031,5,4,1,영어
일광초등학교,20231031,5,4,2,수학
일광초등학교,20231031,5,4,3,사회
일광초등학교,20231031,5,4,4,사회
일광초등학교,20231031,5,4,5,국어
일광초등학교,20231031,5,4,6,실과
일광초등학교,20231031,5,5,1,수학
일광초등학교,20231031,5,5,2,영어
일광초등학교,20231031,5,5,3,사회
일광초등학교,20231031,5,5,4,사회
일광초등학교,20231031,5,5,5,국어
일광초등학교,20231031,5,5,6,국어
일광초등학교,20231031,5,6,1,국어
일광초등학교,20231031,5,6,2,수학
일광초등학교,20231031,5,6,3,영어
일광초등학교,20231031,5,6,4,과학
일광초등학교,20231031,5,6,5,미술
일광초등학교,20231031,5,6,6,미술
일광초등학교,20231031,5,7,1,국어
일광초등학교,20231031,5,7,2,사회
일광초등학교,20231031,5,7,3,사회
일광초등학교,20231031,5,7,4,영어
일광초등학교,20231031,5,7,5,미술
일광초등학교,20231031,5,7,6,미술
일광초등학교,20231031,6,1,1,국어
일광초등학교,20231031,6,1,2,과학
일광초등학교,20231031,6,1,3,체육
일광초등학교,20231031,6,1,4,체육
일광초등학교,20231031,6,1,5,체육
일광초등학교,20231031,6,1,6,진로활동
일광초등학교,20231031,6,1,7,사회
일광초등학교,20231031,6,2,1,국어
일광초등학교,20231031,6,2,2,수학
일광초등학교,20231031,6,2,3,체육
일광초등학교,20231031,6,2,4,음악
일광초등학교,20231031,6,2,5,실과
일광초등학교,20231031,6,2,6,진로활동
일광초등학교,20231031,6,2,7,음악
일광초등학교,20231031,6,3,1,체육
일광초등학교,20231031,6,3,2,체육
일광초등학교,20231031,6,3,3,실과
일광초등학교,20231031,6,3,4,과학
일광초등학교,20231031,6,3,5,국어
일광초등학교,20231031,6,3,6,음악
일광초등학교,20231031,6,3,7,봉사활동
일광초등학교,20231031,6,4,1,국어
일광초등학교,20231031,6,4,2,체육
일광초등학교,20231031,6,4,3,수학
일광초등학교,20231031,6,4,4,과학
일광초등학교,20231031,6,4,5,실과
일광초등학교,20231031,6,4,6,봉사활동
일광초등학교,20231031,6,4,7,봉사활동
일광초등학교,20231031,6,5,1,봉사활동
일광초등학교,20231031,6,5,2,국어
일광초등학교,20231031,6,5,3,봉사활동
일광초등학교,20231031,6,5,4,체육
일광초등학교,20231031,6,5,5,과학
일광초등학교,20231031,6,5,6,실과
일광초등학교,20231031,6,5,7,사회
일광초등학교,20231031,6,6,1,과학
일광초등학교,20231031,6,6,2,영어
일광초등학교,20231031,6,6,3,국어
일광초등학교,20231031,6,6,4,체육
일광초등학교,20231031,6,6,5,진로활동
일광초등학교,20231031,6,6,6,수학
일광초등학교,20231031,6,6,7,실과
일광초등학교,20231101,1,1,1,국어
일광초등학교,20231101,1,1,2,수학
일광초등학교,20231101,1,1,3,즐거운생활
일광초등학교,20231101,1,1,4,바른생활
일광초등학교,20231101,1,2,1,국어
일광초등학교,20231101,1,2,2,수학
일광초등학교,20231101,1,2,3,즐거운생활
일광초등학교,20231101,1,2,4,바른생활
일광초등학교,20231101,1,3,1,국어
일광초등학교,20231101,1,3,2,수학
일광초등학교,20231101,1,3,3,즐거운생활
일광초등학교,20231101,1,3,4,바른생활
일광초등학교,20231101,1,4,1,국어
일광초등학교,20231101,1,4,2,수학
일광초등학교,20231101,1,4,3,즐거운생활
일광초등학교,20231101,1,4,4,바른생활
일광초등학교,20231101,1,5,1,국어
일광초등학교,20231101,1,5,2,수학
일광초등학교,20231101,1,5,3,즐거운생활
일광초등학교,20231101,1,5,4,바른생활
일광초등학교,20231101,1,6,1,국어
일광초등학교,20231101,1,6,2,수학
일광초등학교,20231101,1,6,3,즐거운생활
일광초등학교,20231101,1,6,4,바른생활
일광초등학교,20231101,1,7,1,국어
일광초등학교,20231101,1,7,2,수학
일광초등학교,20231101,1,7,3,즐거운생활
일광초등학교,20231101,1,7,4,바른생활
일광초등학교,20231101,2,1,1,국어
일광초등학교,20231101,2,1,2,수학
일광초등학교,20231101,2,1,3,슬기로운생활
일광초등학교,20231101,2,1,4,국어
일광초등학교,20231101,2,2,1,국어
일광초등학교,20231101,2,2,2,수학
일광초등학교,20231101,2,2,3,슬기로운생활
일광초등학교,20231101,2,2,4,즐거운생활
일광초등학교,20231101,2,3,1,국어
일광초등학교,20231101,2,3,2,국어
일광초등학교,20231101,2,3,3,수학
일광초등학교,20231101,2,3,4,슬기로운생활
일광초등학교,20231101,2,4,1,국어
일광초등학교,20231101,2,4,2,수학
일광초등학교,20231101,2,4,3,국어
일광초등학교,20231101,2,4,4,즐거운생활
일광초등학교,20231101,2,5,1,국어
일광초등학교,20231101,2,5,2,국어
일광초등학교,20231101,2,5,3,수학
일광초등학교,20231101,2,5,4,슬기로운생활
일광초등학교,20231101,2,6,1,국어
일광초등학교,20231101,2,6,2,수학
일광초등학교,20231101,2,6,3,즐거운생활
일광초등학교,20231101,2,6,4,즐거운생활
일광초등학교,20231101,2,7,1,국어
일광초등학교,20231101,2,7,2,수학
일광초등학교,20231101,2,7,3,슬기로운생활
일광초등학교,20231101,2,7,4,국어
일광초등학교,20231101,3,1,1,체육
일광초등학교,20231101,3,1,2,영어
일광초등학교,20231101,3,1,3,사회
일광초등학교,20231101,3,1,4,사회
일광초등학교,20231101,3,1,5,자율활동
일광초등학교,20231101,3,2,1,수학
일광초등학교,20231101,3,2,2,체육
일광초등학교,20231101,3,2,3,영어
일광초등학교,20231101,3,2,4,과학
일광초등학교,20231101,3,2,5,자율활동
일광초등학교,20231101,3,3,1,국어
일광초등학교,20231101,3,3,2,과학
일광초등학교,20231101,3,3,3,체육
일광초등학교,20231101,3,3,4,영어
일광초등학교,20231101,3,3,5,자율활동
일광초등학교,20231101,3,4,1,국어
일광초등학교,20231101,3,4,2,사회
일광초등학교,20231101,3,4,3,수학
일광초등학교,20231101,3,4,4,체육
일광초등학교,20231101,3,4,5,체육
일광초등학교,20231101,3,5,1,국어
일광초등학교,20231101,3,5,2,수학
일광초등학교,20231101,3,5,3,수학
일광초등학교,20231101,3,5,4,사회
일광초등학교,20231101,3,5,5,자율활동
일광초등학교,20231101,3,6,1,국어
일광초등학교,20231101,3,6,2,미술
일광초등학교,20231101,3,6,3,미술
일광초등학교,20231101,3,6,4,도덕
일광초등학교,20231101,3,6,5,체육
일광초등학교,20231101,3,7,1,국어
일광초등학교,20231101,3,7,2,음악
일광초등학교,20231101,3,7,3,미술
일광초등학교,20231101,3,7,4,미술
일광초등학교,20231101,3,7,5,자율활동
일광초등학교,20231101,4,1,1,과학
일광초등학교,20231101,4,1,2,수학
일광초등학교,20231101,4,1,3,국어
일광초등학교,20231101,4,1,4,사회
일광초등학교,20231101,4,1,5,음악
일광초등학교,20231101,4,2,1,수학
일광초등학교,20231101,4,2,2,과학
일광초등학교,20231101,4,2,3,국어
일광초등학교,20231101,4,2,4,사회
일광초등학교,20231101,4,2,5,음악
일광초등학교,20231101,4,3,1,국어
일광초등학교,20231101,4,3,2,수학
일광초등학교,20231101,4,3,3,과학
일광초등학교,20231101,4,3,4,사회
일광초등학교,20231101,4,3,5,음악
일광초등학교,20231101,4,4,1,영어
일광초등학교,20231101,4,4,2,수학
일광초등학교,20231101,4,4,3,국어
일광초등학교,20231101,4,4,4,과학
일광초등학교,20231101,4,4,5,음악
일광초등학교,20231101,4,5,1,국어
일광초등학교,20231101,4,5,2,영어
일광초등학교,20231101,4,5,3,체육
일광초등학교,20231101,4,5,4,수학
일광초등학교,20231101,4,5,5,과학
일광초등학교,20231101,4,6,1,체육
일광초등학교,20231101,4,6,2,체육
일광초등학교,20231101,4,6,3,영어
일광초등학교,20231101,4,6,4,국어
일광초등학교,20231101,4,6,5,음악
일광초등학교,20231101,4,7,1,수학
일광초등학교,20231101,4,7,2,국어
일광초등학교,20231101,4,7,3,국어
일광초등학교,20231101,4,7,4,영어
일광초등학교,20231101,4,7,5,과학
일광초등학교,20231101,5,1,1,체육
일광초등학교,20231101,5,1,2,과학
일광초등학교,20231101,5,1,3,자율활동
일광초등학교,20231101,5,1,4,국어
일광초등학교,20231101,5,1,5,음악
일광초등학교,20231101,5,1,6,국어
일광초등학교,20231101,5,2,1,자율활동
일광초등학교,20231101,5,2,2,체육
일광초등학교,20231101,5,2,3,사회
일광초등학교,20231101,5,2,4,국어
일광초등학교,20231101,5,2,5,영어
일광초등학교,20231101,5,2,6,자율활동
일광초등학교,20231101,5,3,1,국어
일광초등학교,20231101,5,3,2,영어
일광초등학교,20231101,5,3,3,체육
일광초등학교,20231101,5,3,4,음악
일광초등학교,20231101,5,3,5,과학
일광초등학교,20231101,5,3,6,사회
일광초등학교,20231101,5,4,1,국어
일광초등학교,20231101,5,4,2,실과
일광초등학교,20231101,5,4,3,영어
일광초등학교,20231101,5,4,4,체육
일광초등학교,20231101,5,4,5,국어
일광초등학교,20231101,5,4,6,국어
일광초등학교,20231101,5,5,1,도덕
일광초등학교,20231101,5,5,2,과학
일광초등학교,20231101,5,5,3,수학
일광초등학교,20231101,5,5,4,영어
일광초등학교,20231101,5,5,5,체육
일광초등학교,20231101,5,5,6,음악
일광초등학교,20231101,5,6,1,영어
일광초등학교,20231101,5,6,2,국어
일광초등학교,20231101,5,6,3,수학
일광초등학교,20231101,5,6,4,사회
일광초등학교,20231101,5,6,5,실과
일광초등학교,20231101,5,6,6,국어
일광초등학교,20231101,5,7,1,국어
일광초등학교,20231101,5,7,2,체육
일광초등학교,20231101,5,7,3,수학
일광초등학교,20231101,5,7,4,음악
일광초등학교,20231101,5,7,5,실과
일광초등학교,20231101,5,7,6,실과
일광초등학교,20231101,6,1,1,영어
일광초등학교,20231101,6,1,2,국어
일광초등학교,20231101,6,1,3,수학
일광초등학교,20231101,6,1,4,사회
일광초등학교,20231101,6,1,5,진로활동
일광초등학교,20231101,6,1,6,봉사활동
일광초등학교,20231101,6,1,7,도덕
일광초등학교,20231101,6,2,1,국어
일광초등학교,20231101,6,2,2,영어
일광초등학교,20231101,6,2,3,수학
일광초등학교,20231101,6,2,4,과학
일광초등학교,20231101,6,2,5,진로활동
일광초등학교,20231101,6,2,6,봉사활동
일광초등학교,20231101,6,2,7,음악
일광초등학교,20231101,6,3,1,영어
일광초등학교,20231101,6,3,2,체육
일광초등학교,20231101,6,3,3,체육
일광초등학교,20231101,6,3,4,체육
일광초등학교,20231101,6,3,5,진로활동
일광초등학교,20231101,6,3,6,진로활동
일광초등학교,20231101,6,3,7,진로활동
일광초등학교,20231101,6,4,1,국어
일광초등학교,20231101,6,4,2,사회
일광초등학교,20231101,6,4,3,수학
일광초등학교,20231101,6,4,4,영어
일광초등학교,20231101,6,4,5,실과
일광초등학교,20231101,6,4,6,진로활동
일광초등학교,20231101,6,4,7,진로활동
일광초등학교,20231101,6,5,1,음악
일광초등학교,20231101,6,5,2,진로활동
일광초등학교,20231101,6,5,3,국어
일광초등학교,20231101,6,5,4,국어
일광초등학교,20231101,6,5,5,진로활동
일광초등학교,20231101,6,5,6,사회
일광초등학교,20231101,6,5,7,실과
일광초등학교,20231101,6,6,1,국어
일광초등학교,20231101,6,6,2,미술
일광초등학교,20231101,6,6,3,미술
일광초등학교,20231101,6,6,4,체육
일광초등학교,20231101,6,6,5,봉사활동
일광초등학교,20231101,6,6,6,봉사활동
일광초등학교,20231101,6,6,7,수학
일광초등학교,20231102,1,1,1,국어
일광초등학교,20231102,1,1,2,수학
일광초등학교,20231102,1,1,3,즐거운생활
일광초등학교,20231102,1,1,4,바른생활
일광초등학교,20231102,1,1,5,슬기로운생활
일광초등학교,20231102,1,2,1,국어
일광초등학교,20231102,1,2,2,수학
일광초등학교,20231102,1,2,3,즐거운생활
일광초등학교,20231102,1,2,4,바른생활
일광초등학교,20231102,1,2,5,슬기로운생활
일광초등학교,20231102,1,3,1,국어
일광초등학교,20231102,1,3,2,수학
일광초등학교,20231102,1,3,3,즐거운생활
일광초등학교,20231102,1,3,4,바른생활
일광초등학교,20231102,1,3,5,슬기로운생활
일광초등학교,20231102,1,4,1,국어
일광초등학교,20231102,1,4,2,수학
일광초등학교,20231102,1,4,3,즐거운생활
일광초등학교,20231102,1,4,4,바른생활
일광초등학교,20231102,1,4,5,슬기로운생활
일광초등학교,20231102,1,5,1,국어
일광초등학교,20231102,1,5,2,수학
일광초등학교,20231102,1,5,3,즐거운생활
일광초등학교,20231102,1,5,4,바른생활
일광초등학교,20231102,1,5,5,슬기로운생활
일광초등학교,20231102,1,6,1,국어
일광초등학교,20231102,1,6,2,수학
일광초등학교,20231102,1,6,3,즐거운생활
일광초등학교,20231102,1,6,4,바른생활
일광초등학교,20231102,1,6,5,슬기로운생활
일광초등학교,20231102,1,7,1,국어
일광초등학교,20231102,1,7,2,수학
일광초등학교,20231102,1,7,3,즐거운생활
일광초등학교,20231102,1,7,4,바른생활
일광초등학교,20231102,1,7,5,슬기로운생활
일광초등학교,20231102,2,1,1,국어
일광초등학교,20231102,2,1,2,즐거운생활
일광초등학교,20231102,2,1,3,즐거운생활
일광초등학교,20231102,2,1,4,슬기로운생활
일광초등학교,20231102,2,1,5,안전한 생활
일광초등학교,20231102,2,2,1,국어
일광초등학교,20231102,2,2,2,자율활동
일광초등학교,20231102,2,2,3,즐거운생활
일광초등학교,20231102,2,2,4,슬기로운생활
일광초등학교,20231102,2,2,5,안전한 생활
일광초등학교,20231102,2,3,1,국어
일광초등학교,20231102,2,3,2,즐거운생활
일광초등학교,20231102,2,3,3,자율활동
일광초등학교,20231102,2,3,4,슬기로운생활
일광초등학교,20231102,2,3,5,안전한 생활
일광초등학교,20231102,2,4,1,즐거운생활
일광초등학교,20231102,2,4,2,국어
일광초등학교,20231102,2,4,3,즐거운생활
일광초등학교,20231102,2,4,4,슬기로운생활
일광초등학교,20231102,2,4,5,수학
일광초등학교,20231102,2,5,1,국어
일광초등학교,20231102,2,5,2,즐거운생활
일광초등학교,20231102,2,5,3,슬기로운생활
일광초등학교,20231102,2,5,4,안전한 생활
일광초등학교,20231102,2,5,5,즐거운생활
일광초등학교,20231102,2,6,1,국어
일광초등학교,20231102,2,6,2,국어
일광초등학교,20231102,2,6,3,즐거운생활
일광초등학교,20231102,2,6,4,즐거운생활
일광초등학교,20231102,2,6,5,안전한 생활
일광초등학교,20231102,2,7,1,국어
일광초등학교,20231102,2,7,2,즐거운생활
일광초등학교,20231102,2,7,3,즐거운생활
일광초등학교,20231102,2,7,4,슬기로운생활
일광초등학교,20231102,2,7,5,안전한 생활
일광초등학교,20231102,3,1,1,수학
일광초등학교,20231102,3,1,2,미술
일광초등학교,20231102,3,1,3,미술
일광초등학교,20231102,3,1,4,국어
일광초등학교,20231102,3,1,5,수학
일광초등학교,20231102,3,1,6,과학
일광초등학교,20231102,3,2,1,국어
일광초등학교,20231102,3,2,2,수학
일광초등학교,20231102,3,2,3,사회
일광초등학교,20231102,3,2,4,국어
일광초등학교,20231102,3,2,5,미술
일광초등학교,20231102,3,2,6,미술
일광초등학교,20231102,3,3,1,미술
일광초등학교,20231102,3,3,2,미술
일광초등학교,20231102,3,3,3,국어
일광초등학교,20231102,3,3,4,사회
일광초등학교,20231102,3,3,5,수학
일광초등학교,20231102,3,3,6,음악
일광초등학교,20231102,3,4,1,수학
일광초등학교,20231102,3,4,2,미술
일광초등학교,20231102,3,4,3,미술
일광초등학교,20231102,3,4,4,영어
일광초등학교,20231102,3,4,5,수학
일광초등학교,20231102,3,4,6,과학
일광초등학교,20231102,3,5,1,체육
일광초등학교,20231102,3,5,2,국어
일광초등학교,20231102,3,5,3,영어
일광초등학교,20231102,3,5,4,과학
일광초등학교,20231102,3,5,5,사회
일광초등학교,20231102,3,5,6,음악
일광초등학교,20231102,3,6,1,국어
일광초등학교,20231102,3,6,2,영어
일광초등학교,20231102,3,6,3,체육
일광초등학교,20231102,3,6,4,수학
일광초등학교,20231102,3,6,5,사회
일광초등학교,20231102,3,6,6,음악
일광초등학교,20231102,3,7,1,영어
일광초등학교,20231102,3,7,2,체육
일광초등학교,20231102,3,7,3,국어
일광초등학교,20231102,3,7,4,자율활동
일광초등학교,20231102,3,7,5,사회
일광초등학교,20231102,3,7,6,도덕
일광초등학교,20231102,4,1,1,수학
일광초등학교,20231102,4,1,2,영어
일광초등학교,20231102,4,1,3,미술
일광초등학교,20231102,4,1,4,미술
일광초등학교,20231102,4,1,5,국어
일광초등학교,20231102,4,1,6,자율활동
일광초등학교,20231102,4,2,1,수학
일광초등학교,20231102,4,2,2,국어
일광초등학교,20231102,4,2,3,영어
일광초등학교,20231102,4,2,4,미술
일광초등학교,20231102,4,2,5,미술
일광초등학교,20231102,4,2,6,음악
일광초등학교,20231102,4,3,1,미술
일광초등학교,20231102,4,3,2,미술
일광초등학교,20231102,4,3,3,음악
일광초등학교,20231102,4,3,4,영어
일광초등학교,20231102,4,3,5,국어
일광초등학교,20231102,4,3,6,수학
일광초등학교,20231102,4,4,1,수학
일광초등학교,20231102,4,4,2,국어
일광초등학교,20231102,4,4,3,사회
일광초등학교,20231102,4,4,4,미술
일광초등학교,20231102,4,4,5,미술
일광초등학교,20231102,4,4,6,자율활동
일광초등학교,20231102,4,5,1,미술
일광초등학교,20231102,4,5,2,미술
일광초등학교,20231102,4,5,3,국어
일광초등학교,20231102,4,5,4,국어
일광초등학교,20231102,4,5,5,사회
일광초등학교,20231102,4,5,6,음악
일광초등학교,20231102,4,6,1,과학
일광초등학교,20231102,4,6,2,국어
일광초등학교,20231102,4,6,3,수학
일광초등학교,20231102,4,6,4,미술
일광초등학교,20231102,4,6,5,미술
일광초등학교,20231102,4,6,6,자율활동
일광초등학교,20231102,4,7,1,수학
일광초등학교,20231102,4,7,2,과학
일광초등학교,20231102,4,7,3,국어
일광초등학교,20231102,4,7,4,음악
일광초등학교,20231102,4,7,5,미술
일광초등학교,20231102,4,7,6,미술
일광초등학교,20231102,5,1,1,국어
일광초등학교,20231102,5,1,2,영어
일광초등학교,20231102,5,1,3,체육
일광초등학교,20231102,5,1,4,사회
일광초등학교,20231102,5,1,5,미술
일광초등학교,20231102,5,1,6,미술
일광초등학교,20231102,5,2,1,과학
일광초등학교,20231102,5,2,2,국어
일광초등학교,20231102,5,2,3,영어
일광초등학교,20231102,5,2,4,체육
일광초등학교,20231102,5,2,5,수학
일광초등학교,20231102,5,2,6,도덕
일광초등학교,20231102,5,3,1,과학
일광초등학교,20231102,5,3,2,국어
일광초등학교,20231102,5,3,3,수학
일광초등학교,20231102,5,3,4,영어
일광초등학교,20231102,5,3,5,체육
일광초등학교,20231102,5,3,6,실과
일광초등학교,20231102,5,4,1,국어
일광초등학교,20231102,5,4,2,수학
일광초등학교,20231102,5,4,3,음악
일광초등학교,20231102,5,4,4,사회
일광초등학교,20231102,5,4,5,미술
일광초등학교,20231102,5,4,6,미술
일광초등학교,20231102,5,5,1,자율활동
일광초등학교,20231102,5,5,2,사회
일광초등학교,20231102,5,5,3,과학
일광초등학교,20231102,5,5,4,실과
일광초등학교,20231102,5,5,5,미술
일광초등학교,20231102,5,5,6,미술
일광초등학교,20231102,5,6,1,체육
일광초등학교,20231102,5,6,2,자율활동
일광초등학교,20231102,5,6,3,국어
일광초등학교,20231102,5,6,4,수학
일광초등학교,20231102,5,6,5,사회
일광초등학교,20231102,5,6,6,음악
일광초등학교,20231102,5,7,1,영어
일광초등학교,20231102,5,7,2,체육
일광초등학교,20231102,5,7,3,국어
일광초등학교,20231102,5,7,4,자율활동
일광초등학교,20231102,5,7,5,과학
일광초등학교,20231102,5,7,6,도덕
일광초등학교,20231102,6,1,1,국어
일광초등학교,20231102,6,1,2,수학
일광초등학교,20231102,6,1,3,과학
일광초등학교,20231102,6,1,4,체육
일광초등학교,20231102,6,1,5,진로활동
일광초등학교,20231102,6,1,6,봉사활동
일광초등학교,20231102,6,2,1,국어
일광초등학교,20231102,6,2,2,수학
일광초등학교,20231102,6,2,3,도덕
일광초등학교,20231102,6,2,4,과학
일광초등학교,20231102,6,2,5,진로활동
일광초등학교,20231102,6,2,6,봉사활동
일광초등학교,20231102,6,3,1,체육
일광초등학교,20231102,6,3,2,체육
일광초등학교,20231102,6,3,3,체육
일광초등학교,20231102,6,3,4,실과
일광초등학교,20231102,6,3,5,미술
일광초등학교,20231102,6,3,6,봉사활동
일광초등학교,20231102,6,4,1,국어
일광초등학교,20231102,6,4,2,사회
일광초등학교,20231102,6,4,3,수학
일광초등학교,20231102,6,4,4,미술
일광초등학교,20231102,6,4,5,미술
일광초등학교,20231102,6,4,6,자율활동
일광초등학교,20231102,6,5,1,진로활동
일광초등학교,20231102,6,5,2,사회
일광초등학교,20231102,6,5,3,실과
일광초등학교,20231102,6,5,4,국어
일광초등학교,20231102,6,5,5,체육
일광초등학교,20231102,6,5,6,체육
일광초등학교,20231102,6,6,1,영어
일광초등학교,20231102,6,6,2,국어
일광초등학교,20231102,6,6,3,진로활동
일광초등학교,20231102,6,6,4,진로활동
일광초등학교,20231102,6,6,5,도덕
일광초등학교,20231102,6,6,6,자율활동
일광초등학교,20231103,1,1,1,국어
일광초등학교,20231103,1,1,2,수학
일광초등학교,20231103,1,1,3,즐거운생활
일광초등학교,20231103,1,1,4,안전한 생활
일광초등학교,20231103,1,2,1,국어
일광초등학교,20231103,1,2,2,수학
일광초등학교,20231103,1,2,3,즐거운생활
일광초등학교,20231103,1,2,4,안전한 생활
일광초등학교,20231103,1,3,1,국어
일광초등학교,20231103,1,3,2,수학
일광초등학교,20231103,1,3,3,즐거운생활
일광초등학교,20231103,1,3,4,안전한 생활
일광초등학교,20231103,1,4,1,국어
일광초등학교,20231103,1,4,2,수학
일광초등학교,20231103,1,4,3,즐거운생활
일광초등학교,20231103,1,4,4,안전한 생활
일광초등학교,20231103,1,5,1,국어
일광초등학교,20231103,1,5,2,수학
일광초등학교,20231103,1,5,3,즐거운생활
일광초등학교,20231103,1,5,4,안전한 생활
일광초등학교,20231103,1,6,1,국어
일광초등학교,20231103,1,6,2,수학
일광초등학교,20231103,1,6,3,즐거운생활
일광초등학교,20231103,1,6,4,안전한 생활
일광초등학교,20231103,1,7,1,국어
일광초등학교,20231103,1,7,2,수학
일광초등학교,20231103,1,7,3,즐거운생활
일광초등학교,20231103,1,7,4,안전한 생활
일광초등학교,20231103,2,1,1,국어
일광초등학교,20231103,2,1,2,수학
일광초등학교,20231103,2,1,3,즐거운생활
일광초등학교,20231103,2,1,4,즐거운생활
일광초등학교,20231103,2,2,1,국어
일광초등학교,20231103,2,2,2,수학
일광초등학교,20231103,2,2,3,즐거운생활
일광초등학교,20231103,2,2,4,즐거운생활
일광초등학교,20231103,2,3,1,국어
일광초등학교,20231103,2,3,2,수학
일광초등학교,20231103,2,3,3,즐거운생활
일광초등학교,20231103,2,3,4,즐거운생활
일광초등학교,20231103,2,4,1,국어
일광초등학교,20231103,2,4,2,국어
일광초등학교,20231103,2,4,3,즐거운생활
일광초등학교,20231103,2,4,4,즐거운생활
일광초등학교,20231103,2,5,1,국어
일광초등학교,20231103,2,5,2,수학
일광초등학교,20231103,2,5,3,즐거운생활
일광초등학교,20231103,2,5,4,즐거운생활
일광초등학교,20231103,2,6,1,국어
일광초등학교,20231103,2,6,2,수학
일광초등학교,20231103,2,6,3,즐거운생활
일광초등학교,20231103,2,6,4,즐거운생활
일광초등학교,20231103,2,7,1,국어
일광초등학교,20231103,2,7,2,수학
일광초등학교,20231103,2,7,3,즐거운생활
일광초등학교,20231103,2,7,4,즐거운생활
일광초등학교,20231103,3,1,1,국어
일광초등학교,20231103,3,1,2,사회
일광초등학교,20231103,3,1,3,음악
일광초등학교,20231103,3,1,4,수학
일광초등학교,20231103,3,1,5,자율활동
일광초등학교,20231103,3,2,1,국어
일광초등학교,20231103,3,2,2,수학
일광초등학교,20231103,3,2,3,과학
일광초등학교,20231103,3,2,4,체육
일광초등학교,20231103,3,2,5,음악
일광초등학교,20231103,3,3,1,체육
일광초등학교,20231103,3,3,2,수학
일광초등학교,20231103,3,3,3,음악
일광초등학교,20231103,3,3,4,과학
일광초등학교,20231103,3,3,5,국어
일광초등학교,20231103,3,4,1,과학
일광초등학교,20231103,3,4,2,음악
일광초등학교,20231103,3,4,3,도덕
일광초등학교,20231103,3,4,4,과학
일광초등학교,20231103,3,4,5,사회
일광초등학교,20231103,3,5,1,국어
일광초등학교,20231103,3,5,2,과학
일광초등학교,20231103,3,5,3,미술
일광초등학교,20231103,3,5,4,미술
일광초등학교,20231103,3,5,5,체육
일광초등학교,20231103,3,6,1,국어
일광초등학교,20231103,3,6,2,체육
일광초등학교,20231103,3,6,3,수학
일광초등학교,20231103,3,6,4,사회
일광초등학교,20231103,3,6,5,진로활동
일광초등학교,20231103,3,7,1,사회
일광초등학교,20231103,3,7,2,수학
일광초등학교,20231103,3,7,3,과학
일광초등학교,20231103,3,7,4,음악
일광초등학교,20231103,3,7,5,체육
일광초등학교,20231103,4,1,1,수학
일광초등학교,20231103,4,1,2,체육
일광초등학교,20231103,4,1,3,사회
일광초등학교,20231103,4,1,4,국어
일광초등학교,20231103,4,1,5,음악
일광초등학교,20231103,4,2,1,국어
일광초등학교,20231103,4,2,2,수학
일광초등학교,20231103,4,2,3,사회
일광초등학교,20231103,4,2,4,체육
일광초등학교,20231103,4,2,5,음악
일광초등학교,20231103,4,3,1,국어
일광초등학교,20231103,4,3,2,수학
일광초등학교,20231103,4,3,3,사회
일광초등학교,20231103,4,3,4,체육
일광초등학교,20231103,4,3,5,음악
일광초등학교,20231103,4,4,1,영어
일광초등학교,20231103,4,4,2,국어
일광초등학교,20231103,4,4,3,수학
일광초등학교,20231103,4,4,4,사회
일광초등학교,20231103,4,4,5,음악
일광초등학교,20231103,4,5,1,국어
일광초등학교,20231103,4,5,2,영어
일광초등학교,20231103,4,5,3,사회
일광초등학교,20231103,4,5,4,수학
일광초등학교,20231103,4,5,5,음악
일광초등학교,20231103,4,6,1,사회
일광초등학교,20231103,4,6,2,수학
일광초등학교,20231103,4,6,3,영어
일광초등학교,20231103,4,6,4,국어
일광초등학교,20231103,4,6,5,체육
일광초등학교,20231103,4,7,1,국어
일광초등학교,20231103,4,7,2,사회
일광초등학교,20231103,4,7,3,사회
일광초등학교,20231103,4,7,4,영어
일광초등학교,20231103,4,7,5,음악
일광초등학교,20231103,5,1,1,수학
일광초등학교,20231103,5,1,2,체육
일광초등학교,20231103,5,1,3,국어
일광초등학교,20231103,5,1,4,사회
일광초등학교,20231103,5,1,5,과학
일광초등학교,20231103,5,2,1,국어
일광초등학교,20231103,5,2,2,수학
일광초등학교,20231103,5,2,3,실과
일광초등학교,20231103,5,2,4,사회
일광초등학교,20231103,5,2,5,음악
일광초등학교,20231103,5,3,1,국어
일광초등학교,20231103,5,3,2,수학
일광초등학교,20231103,5,3,3,과학
일광초등학교,20231103,5,3,4,사회
일광초등학교,20231103,5,3,5,실과
일광초등학교,20231103,5,4,1,영어
일광초등학교,20231103,5,4,2,과학
일광초등학교,20231103,5,4,3,수학
일광초등학교,20231103,5,4,4,체육
일광초등학교,20231103,5,4,5,음악
일광초등학교,20231103,5,5,1,체육
일광초등학교,20231103,5,5,2,영어
일광초등학교,20231103,5,5,3,국어
일광초등학교,20231103,5,5,4,국어
일광초등학교,20231103,5,5,5,수학
일광초등학교,20231103,5,6,1,과학
일광초등학교,20231103,5,6,2,체육
일광초등학교,20231103,5,6,3,영어
일광초등학교,20231103,5,6,4,국어
일광초등학교,20231103,5,6,5,도덕
일광초등학교,20231103,5,7,1,국어
일광초등학교,20231103,5,7,2,수학
일광초등학교,20231103,5,7,3,체육
일광초등학교,20231103,5,7,4,영어
일광초등학교,20231103,5,7,5,음악
일광초등학교,20231103,6,1,1,국어
일광초등학교,20231103,6,1,2,수학
일광초등학교,20231103,6,1,3,실과
일광초등학교,20231103,6,1,4,영어
일광초등학교,20231103,6,1,5,음악
일광초등학교,20231103,6,2,1,국어
일광초등학교,20231103,6,2,2,수학
일광초등학교,20231103,6,2,3,영어
일광초등학교,20231103,6,2,4,미술
일광초등학교,20231103,6,2,5,미술
일광초등학교,20231103,6,3,1,체육
일광초등학교,20231103,6,3,2,영어
일광초등학교,20231103,6,3,3,사회
일광초등학교,20231103,6,3,4,과학
일광초등학교,20231103,6,3,5,사회
일광초등학교,20231103,6,4,1,영어
일광초등학교,20231103,6,4,2,체육
일광초등학교,20231103,6,4,3,과학
일광초등학교,20231103,6,4,4,국어
일광초등학교,20231103,6,4,5,도덕
일광초등학교,20231103,6,5,1,자율활동
일광초등학교,20231103,6,5,2,과학
일광초등학교,20231103,6,5,3,체육
일광초등학교,20231103,6,5,4,미술
일광초등학교,20231103,6,5,5,미술
일광초등학교,20231103,6,6,1,과학
일광초등학교,20231103,6,6,2,국어
일광초등학교,20231103,6,6,3,사회
일광초등학교,20231103,6,6,4,체육
일광초등학교,20231103,6,6,5,음악
